Name,Link
"Amis des Ainés de L'Isle-Verte, ",http://www.habitation.gouv.qc.ca/repertoire/organisme/amis_des_aines_de_lisle_verte.html
"APH L'Éveil des Basques, ",http://www.habitation.gouv.qc.ca/repertoire/organisme/aph_leveil_des_basques.html
"Arrimage L', ",http://www.habitation.gouv.qc.ca/repertoire/organisme/arrimage_l.html
"Ass. Pers. hand. Kamouraska, ",http://www.habitation.gouv.qc.ca/repertoire/organisme/ass_pers_hand_kamouraska.html
"Auberge la Clé des Champs, ",http://www.habitation.gouv.qc.ca/repertoire/organisme/auberge_la_cle_des_champs.html
"Centre multi-serv. St-Cyprien, ",http://www.habitation.gouv.qc.ca/repertoire/organisme/centre_multi_serv_st_cyprien.html
"Centre poly. aîné(e)s Rimouski, ",http://www.habitation.gouv.qc.ca/repertoire/organisme/centre_poly_ainees_rimouski.html
"Centre prév. suicide interv., ",http://www.habitation.gouv.qc.ca/repertoire/organisme/centre_prev_suicide_interv.html
"Comité L'Entre Gens, ",http://www.habitation.gouv.qc.ca/repertoire/organisme/comite_lentre_gens.html
"Corp. Domaine les Pèlerins, ",http://www.habitation.gouv.qc.ca/repertoire/organisme/corp_domaine_les_pelerins.html
"Corp. Hébergement de St-Éloi, ",http://www.habitation.gouv.qc.ca/repertoire/organisme/corp_hebergement_de_st_eloi.html
"Corp. Hébergement Mont-Joli, ",http://www.habitation.gouv.qc.ca/repertoire/organisme/corp_hebergement_mont_joli.html
"Corp.log.comm.de Sainte-Flavie, ",http://www.habitation.gouv.qc.ca/repertoire/organisme/corplogcommde_sainte_flavie.html
"Corporation La Jeannoise, ",http://www.habitation.gouv.qc.ca/repertoire/organisme/corporation_la_jeannoise.html
"Domaine des Pivoines, ",http://www.habitation.gouv.qc.ca/repertoire/organisme/domaine_des_pivoines.html
"Domaine des Trois-Pistoles, ",http://www.habitation.gouv.qc.ca/repertoire/organisme/domaine_des_trois_pistoles.html
"Fond. Maison Marie-Élizabeth, ",http://www.habitation.gouv.qc.ca/repertoire/organisme/fond_maison_marie_elizabeth.html
"Fond. Maison soins pallia KRTB, ",http://www.habitation.gouv.qc.ca/repertoire/organisme/fond_maison_soins_pallia_krtb.html
"Hab. Premier Jalon de Ste-Rita, ",http://www.habitation.gouv.qc.ca/repertoire/organisme/hab_premier_jalon_de_ste_rita.html
"Hab. St-Marc-Du-Lac-Long, ",http://www.habitation.gouv.qc.ca/repertoire/organisme/hab_st_marc_du_lac_long.html
"Habitations d'Albertville, ",http://www.habitation.gouv.qc.ca/repertoire/organisme/habitations_dalbertville.html
"Habitations de L'Isle-Verte, ",http://www.habitation.gouv.qc.ca/repertoire/organisme/habitations_de_lisle_verte.html
"Habitations Dégelis, ",http://www.habitation.gouv.qc.ca/repertoire/organisme/habitations_degelis.html
"Habitations des Érables, ",http://www.habitation.gouv.qc.ca/repertoire/organisme/habitations_des_erables.html
"Habitations Eco Lac-des-Aigles, ",http://www.habitation.gouv.qc.ca/repertoire/organisme/habitations_eco_lac_des_aigles.html
"Habitations Kakou, ",http://www.habitation.gouv.qc.ca/repertoire/organisme/habitations_kakou.html
"Habitations Keable, ",http://www.habitation.gouv.qc.ca/repertoire/organisme/habitations_keable.html
"Habitations Nicolas-Rioux, ",http://www.habitation.gouv.qc.ca/repertoire/organisme/habitations_nicolas_rioux.html
"Habitations pop. Isle-Verte, ",http://www.habitation.gouv.qc.ca/repertoire/organisme/habitations_pop_isle_verte.html
"Habitations Portes Gaspésie, ",http://www.habitation.gouv.qc.ca/repertoire/organisme/habitations_portes_gaspesie.html
"Habitations Saint-Pacôme, ",http://www.habitation.gouv.qc.ca/repertoire/organisme/habitations_saint_pacome.html
"Habitations Sainte-Luce, ",http://www.habitation.gouv.qc.ca/repertoire/organisme/habitations_sainte_luce.html
"Habitations St-Bruno, ",http://www.habitation.gouv.qc.ca/repertoire/organisme/habitations_st_bruno.html
"Habitations St-Epiphane, ",http://www.habitation.gouv.qc.ca/repertoire/organisme/habitations_st_epiphane.html
"Habitations St-Honoré Témis., ",http://www.habitation.gouv.qc.ca/repertoire/organisme/habitations_st_honore_temis.html
"Habitations St-Vallier, ",http://www.habitation.gouv.qc.ca/repertoire/organisme/habitations_st_vallier.html
"Habitations Tartigou, ",http://www.habitation.gouv.qc.ca/repertoire/organisme/habitations_tartigou.html
"Habitations-des-Cônes (Les), ",http://www.habitation.gouv.qc.ca/repertoire/organisme/habitations_des_cones_les.html
"L'Autre-Toit du KRTB, ",http://www.habitation.gouv.qc.ca/repertoire/organisme/lautre_toit_du_krtb.html
"La Gigogne inc., ",http://www.habitation.gouv.qc.ca/repertoire/organisme/la_gigogne_inc.html
"Log.pers.âgées de St-Arsène, ",http://www.habitation.gouv.qc.ca/repertoire/organisme/logpersagees_de_st_arsene.html
"Log.pop. du Bas St-Laurent, ",http://www.habitation.gouv.qc.ca/repertoire/organisme/logpop_du_bas_st_laurent.html
"Logements adaptés de Matane, ",http://www.habitation.gouv.qc.ca/repertoire/organisme/logements_adaptes_de_matane.html
"Maison des Tournesols, ",http://www.habitation.gouv.qc.ca/repertoire/organisme/maison_des_tournesols.html
"Maison Héb. Bouffée d'air KRTB, ",http://www.habitation.gouv.qc.ca/repertoire/organisme/maison_heb_bouffee_dair_krtb.html
"Maison Octavie La, ",http://www.habitation.gouv.qc.ca/repertoire/organisme/maison_octavie_la.html
"Maisonnée de Saint-Pascal, ",http://www.habitation.gouv.qc.ca/repertoire/organisme/maisonnee_de_saint_pascal.html
"Manoir Alphonse Beaulieu, ",http://www.habitation.gouv.qc.ca/repertoire/organisme/manoir_alphonse_beaulieu.html
"Manoir des Pommiers, ",http://www.habitation.gouv.qc.ca/repertoire/organisme/manoir_des_pommiers.html
"Manoir Saint-Antonin, ",http://www.habitation.gouv.qc.ca/repertoire/organisme/manoir_saint_antonin.html
"Notre Maison, ",http://www.habitation.gouv.qc.ca/repertoire/organisme/notre_maison.html
"Oasis des aînés de St-Eusèbe, ",http://www.habitation.gouv.qc.ca/repertoire/organisme/oasis_des_aines_de_st_eusebe.html
"Pavillon Durocher, ",http://www.habitation.gouv.qc.ca/repertoire/organisme/pavillon_durocher.html
"Résidence A. Parent inc., ",http://www.habitation.gouv.qc.ca/repertoire/organisme/residence_a_parent_inc.html
"Résidence Ainés St-Alexandre, ",http://www.habitation.gouv.qc.ca/repertoire/organisme/residence_aines_st_alexandre.html
"Résidence Ass. cancer Est Qc, ",http://www.habitation.gouv.qc.ca/repertoire/organisme/residence_ass_cancer_est_qc.html
"Résidences Léonaises, ",http://www.habitation.gouv.qc.ca/repertoire/organisme/residences_leonaises.html
"Ress. aide p.h. bas St-Laurent, ",http://www.habitation.gouv.qc.ca/repertoire/organisme/ress_aide_ph_bas_st_laurent.html
"Seigneurie Mon Toit, ",http://www.habitation.gouv.qc.ca/repertoire/organisme/seigneurie_mon_toit.html
"Tandem-Jeunesse, ",http://www.habitation.gouv.qc.ca/repertoire/organisme/tandem_jeunesse.html
"Aînés de l'Anse, ",http://www.habitation.gouv.qc.ca/repertoire/organisme/aines_de_lanse.html
"Ass. Handicapés Le Goéland, ",http://www.habitation.gouv.qc.ca/repertoire/organisme/ass_handicapes_le_goeland.html
"Ass. Jeannoise Intég. sociale, ",http://www.habitation.gouv.qc.ca/repertoire/organisme/ass_jeannoise_integ_sociale.html
"Carrefour Widjiwagan Inc., ",http://www.habitation.gouv.qc.ca/repertoire/organisme/carrefour_widjiwagan_inc.html
"Centre Escale Jonquière, ",http://www.habitation.gouv.qc.ca/repertoire/organisme/centre_escale_jonquiere.html
"Chaine travail adapté C.T.A., ",http://www.habitation.gouv.qc.ca/repertoire/organisme/chaine_travail_adapte_cta.html
"Complexe com. Grandmont, ",http://www.habitation.gouv.qc.ca/repertoire/organisme/complexe_com_grandmont.html
"Corp. Domaine des Années d'Or, ",http://www.habitation.gouv.qc.ca/repertoire/organisme/corp_domaine_des_annees_dor.html
"Corp. Domaine Rivière St-André, ",http://www.habitation.gouv.qc.ca/repertoire/organisme/corp_domaine_riviere_st_andre.html
"Corp. la Résidence blés d'or, ",http://www.habitation.gouv.qc.ca/repertoire/organisme/corp_la_residence_bles_dor.html
"Corporation Waskahegen, ",http://www.habitation.gouv.qc.ca/repertoire/organisme/corporation_waskahegen.html
"Domaine des Beaux Jours, ",http://www.habitation.gouv.qc.ca/repertoire/organisme/domaine_des_beaux_jours.html
"Groupe Centre-Lac d'Alma, ",http://www.habitation.gouv.qc.ca/repertoire/organisme/groupe_centre_lac_dalma.html
"Groupe Soutien St-Nazaire, ",http://www.habitation.gouv.qc.ca/repertoire/organisme/groupe_soutien_st_nazaire.html
"Habitation Entre-Nous, ",http://www.habitation.gouv.qc.ca/repertoire/organisme/habitation_entre_nous.html
"Habitations Chicoutimi-Nord, ",http://www.habitation.gouv.qc.ca/repertoire/organisme/habitations_chicoutimi_nord.html
"Habitations Larouche, ",http://www.habitation.gouv.qc.ca/repertoire/organisme/habitations_larouche.html
"Habitations Shipshaw (Les), ",http://www.habitation.gouv.qc.ca/repertoire/organisme/habitations_shipshaw_les.html
"Havre Curé Hébert, ",http://www.habitation.gouv.qc.ca/repertoire/organisme/havre_cure_hebert.html
"Hébergement plus, ",http://www.habitation.gouv.qc.ca/repertoire/organisme/hebergement_plus.html
"Maison des Aînés Carré Nérée, ",http://www.habitation.gouv.qc.ca/repertoire/organisme/maison_des_aines_carre_neree.html
"Maison du Cheminement, ",http://www.habitation.gouv.qc.ca/repertoire/organisme/maison_du_cheminement.html
"Maison du Royaume, ",http://www.habitation.gouv.qc.ca/repertoire/organisme/maison_du_royaume.html
"Maison Nouvel Elan, ",http://www.habitation.gouv.qc.ca/repertoire/organisme/maison_nouvel_elan.html
"Maisonnée d'Évelyne, ",http://www.habitation.gouv.qc.ca/repertoire/organisme/maisonnee_develyne.html
"Manoir Chambordais, ",http://www.habitation.gouv.qc.ca/repertoire/organisme/manoir_chambordais.html
"Résidence de la retraite en or, ",http://www.habitation.gouv.qc.ca/repertoire/organisme/residence_de_la_retraite_en_or.html
"Résidence Dorée, ",http://www.habitation.gouv.qc.ca/repertoire/organisme/residence_doree.html
"Résidence du Moulin, ",http://www.habitation.gouv.qc.ca/repertoire/organisme/residence_du_moulin.html
"Résidence Gérard- Blanchet, ",http://www.habitation.gouv.qc.ca/repertoire/organisme/residence_gerard_blanchet.html
"Résidence la maison rose, ",http://www.habitation.gouv.qc.ca/repertoire/organisme/services_entraide_robervalois.html
"Résidence Laterroise inc., ",http://www.habitation.gouv.qc.ca/repertoire/organisme/residence_laterroise_inc.html
"Résidence Le Villageois Inc., ",http://www.habitation.gouv.qc.ca/repertoire/organisme/residence_le_villageois_inc.html
"Résidence St-Jean-Baptiste, ",http://www.habitation.gouv.qc.ca/repertoire/organisme/residence_st_jean_baptiste.html
"Résidence St-Jean-Eudes, ",http://www.habitation.gouv.qc.ca/repertoire/organisme/residence_st_jean_eudes.html
"Résidence St-Paul-Chicoutimi, ",http://www.habitation.gouv.qc.ca/repertoire/organisme/residence_st_paul_chicoutimi.html
"Résidence Ste-Monique, ",http://www.habitation.gouv.qc.ca/repertoire/organisme/residence_ste_monique.html
"Résidences comm. Lac-Bouchette, ",http://www.habitation.gouv.qc.ca/repertoire/organisme/residences_comm_lac_bouchette.html
"Résidences de Larouche (Les), ",http://www.habitation.gouv.qc.ca/repertoire/organisme/residences_de_larouche_les.html
"Villa du Presbytère, ",http://www.habitation.gouv.qc.ca/repertoire/organisme/villa_du_presbytere.html
"Arche Le Croissant Inc., ",http://www.habitation.gouv.qc.ca/repertoire/organisme/arche_le_croissant_inc.html
"Autisme Québec, ",http://www.habitation.gouv.qc.ca/repertoire/organisme/autisme_quebec.html
"Bouée soc. ach. préserv. dév., ",http://www.habitation.gouv.qc.ca/repertoire/organisme/bouee_soc_ach_preserv_dev.html
"Bourgade de Donnacona, ",http://www.habitation.gouv.qc.ca/repertoire/organisme/bourgade_de_donnacona.html
"C.R.C. Le Pavillon inc., ",http://www.habitation.gouv.qc.ca/repertoire/organisme/crc_le_pavillon_inc.html
"Centre de crise de Québec, ",http://www.habitation.gouv.qc.ca/repertoire/organisme/centre_de_crise_de_quebec.html
"Centre rés com Jacques-Cartier, ",http://www.habitation.gouv.qc.ca/repertoire/organisme/centre_res_com_jacques_cartier.html
"Corp. Habitation de Giffard, ",http://www.habitation.gouv.qc.ca/repertoire/organisme/corp_habitation_de_giffard.html
"Corp. Logement comm. Holland, ",http://www.habitation.gouv.qc.ca/repertoire/organisme/corp_logement_comm_holland.html
"Corp. Pied des Monts, ",http://www.habitation.gouv.qc.ca/repertoire/organisme/corp_pied_des_monts.html
"Corp. Rés. P.A. L'Ange-Gardien, ",http://www.habitation.gouv.qc.ca/repertoire/organisme/corp_res_pa_lange_gardien.html
"Corporation des patriotes, ",http://www.habitation.gouv.qc.ca/repertoire/organisme/corporation_des_patriotes.html
"Domaine du Parc Savard, ",http://www.habitation.gouv.qc.ca/repertoire/organisme/domaine_du_parc_savard.html
"Hab. Neilson Pointe-Ste-Foy, ",http://www.habitation.gouv.qc.ca/repertoire/organisme/hab_neilson_pointe_ste_foy.html
"Hab. Saint-Gabriel-Valcartier, ",http://www.habitation.gouv.qc.ca/repertoire/organisme/hab_saint_gabriel_valcartier.html
"Habitation Action-Sourds, ",http://www.habitation.gouv.qc.ca/repertoire/organisme/habitation_action_sourds.html
"Habitation Olivar Asselin, ",http://www.habitation.gouv.qc.ca/repertoire/organisme/habitation_olivar_asselin.html
"Habitations Ainés Eboulements, ",http://www.habitation.gouv.qc.ca/repertoire/organisme/habitations_aines_eboulements.html
"Habitations Chateau d'Eau, ",http://www.habitation.gouv.qc.ca/repertoire/organisme/habitations_chateau_deau.html
"Habitations du Roi, ",http://www.habitation.gouv.qc.ca/repertoire/organisme/habitations_du_roi.html
"Habitations du Trait-Carré, ",http://www.habitation.gouv.qc.ca/repertoire/organisme/habitations_du_trait_carre.html
"Habitations Gamelin, ",http://www.habitation.gouv.qc.ca/repertoire/organisme/habitations_gamelin.html
"Habitations Métatransfert, ",http://www.habitation.gouv.qc.ca/repertoire/organisme/habitations_metatransfert.html
"Habitations Pierre Boisseau, ",http://www.habitation.gouv.qc.ca/repertoire/organisme/habitations_pierre_boisseau.html
"Habitations pop. St-Sacrement, ",http://www.habitation.gouv.qc.ca/repertoire/organisme/habitations_pop_st_sacrement.html
"Habitations RDI, ",http://www.habitation.gouv.qc.ca/repertoire/organisme/habitations_rdi.html
"Habitations St-André (Les), ",http://www.habitation.gouv.qc.ca/repertoire/organisme/habitations_st_andre_les.html
"Habitations St-Dunstan, ",http://www.habitation.gouv.qc.ca/repertoire/organisme/habitations_st_dunstan.html
"Habitations St-Raymond, ",http://www.habitation.gouv.qc.ca/repertoire/organisme/habitations_st_raymond.html
"Habitations Vivre chez-soi, ",http://www.habitation.gouv.qc.ca/repertoire/organisme/habitations_vivre_chez_soi.html
"Immeubles H.S.F., ",http://www.habitation.gouv.qc.ca/repertoire/organisme/immeubles_hsf.html
"Institut déficience physique, ",http://www.habitation.gouv.qc.ca/repertoire/organisme/institut_deficience_physique.html
"Jardins Jean Bosco, ",http://www.habitation.gouv.qc.ca/repertoire/organisme/jardins_jean_bosco.html
"La Société John Howard du Qc, ",http://www.habitation.gouv.qc.ca/repertoire/organisme/la_societe_john_howard_du_qc.html
"Le Domaine Scott de St-Sauveur, ",http://www.habitation.gouv.qc.ca/repertoire/organisme/le_domaine_scott_de_st_sauveur.html
"Le Havre des Cheminots, ",http://www.habitation.gouv.qc.ca/repertoire/organisme/le_havre_des_cheminots.html
"Les Belles Marées, ",http://www.habitation.gouv.qc.ca/repertoire/organisme/les_belles_marees.html
"Les Habitations Durocher, ",http://www.habitation.gouv.qc.ca/repertoire/organisme/les_habitations_durocher.html
"Les Immeubles Jeffrey Hale, ",http://www.habitation.gouv.qc.ca/repertoire/organisme/immeuble_populaire_de_quebec.html
"Les P'tits loyers du Quartier, ",http://www.habitation.gouv.qc.ca/repertoire/organisme/les_ptits_loyers_du_quartier.html
"Logis-Confort, ",http://www.habitation.gouv.qc.ca/repertoire/organisme/logis_confort.html
"Maison d'aide Villa St-Léonard, ",http://www.habitation.gouv.qc.ca/repertoire/organisme/maison_daide_villa_st_leonard.html
"Maison de Job, ",http://www.habitation.gouv.qc.ca/repertoire/organisme/maison_de_job.html
"Maison des Ainés de St-Alban, ",http://www.habitation.gouv.qc.ca/repertoire/organisme/maison_des_aines_de_st_alban.html
"Maison l'Hirondelle, ",http://www.habitation.gouv.qc.ca/repertoire/organisme/maison_lhirondelle.html
"Maison Lauberivière, ",http://www.habitation.gouv.qc.ca/repertoire/organisme/maison_lauberuviere.html
"Maison Marie-Rollet, ",http://www.habitation.gouv.qc.ca/repertoire/organisme/maison_marie_rollet.html
"Manoir Boischatel, ",http://www.habitation.gouv.qc.ca/repertoire/organisme/manoir_boischatel.html
"Manoir du Moulin, ",http://www.habitation.gouv.qc.ca/repertoire/organisme/manoir_du_moulin.html
"Manoir Laure Gaudreault, ",http://www.habitation.gouv.qc.ca/repertoire/organisme/manoir_laure_gaudreault.html
"Manoir Stadacona, ",http://www.habitation.gouv.qc.ca/repertoire/organisme/manoir_stadacona.html
"Mères et monde-Centre de Ress., ",http://www.habitation.gouv.qc.ca/repertoire/organisme/meres_et_monde_centre_de_ress.html
"Milieu de vie TCC, ",http://www.habitation.gouv.qc.ca/repertoire/organisme/milieu_de_vie_tcc.html
"Oasis Sainte-Odile, ",http://www.habitation.gouv.qc.ca/repertoire/organisme/oasis_sainte_odile.html
"Pav.des Vétérans Charlesbourg, ",http://www.habitation.gouv.qc.ca/repertoire/organisme/pavdes_veterans_charlesbourg.html
"Piolet Le, ",http://www.habitation.gouv.qc.ca/repertoire/organisme/piolet_le.html
"Prog. Encad. Clinique et Héb., ",http://www.habitation.gouv.qc.ca/repertoire/organisme/prog_encad_clinique_et_heb.html
"Rés. P'Tit Village Giffard Inc, ",http://www.habitation.gouv.qc.ca/repertoire/organisme/res_ptit_village_giffard_inc.html
"Rés.Anc.Combattants Charlesbou, ",http://www.habitation.gouv.qc.ca/repertoire/organisme/resanccombattants_charlesbou.html
"Réseau Accueil Agente Paix, ",http://www.habitation.gouv.qc.ca/repertoire/organisme/reseau_accueil_agente_paix.html
"Résidence Lanoyée, ",http://www.habitation.gouv.qc.ca/repertoire/organisme/residence_lanoyee.html
"Résidence Le Portail, ",http://www.habitation.gouv.qc.ca/repertoire/organisme/residence_le_portail.html
"Résidence Le Trèfle d'Or, ",http://www.habitation.gouv.qc.ca/repertoire/organisme/residence_le_trefle_dor.html
"Résidence Roc-Amadour, ",http://www.habitation.gouv.qc.ca/repertoire/organisme/residence_roc_amadour.html
"Résidence Saint-Pascal, ",http://www.habitation.gouv.qc.ca/repertoire/organisme/residence_saint_pascal.html
"Résidence Ste-Anne-de-Beaupré, ",http://www.habitation.gouv.qc.ca/repertoire/organisme/residence_ste_anne_de_beaupre.html
"Résidences Bonaventure, ",http://www.habitation.gouv.qc.ca/repertoire/organisme/residences_bonaventure.html
"Résidences Caecitas, ",http://www.habitation.gouv.qc.ca/repertoire/organisme/residences_caecitas.html
"Résidences Curé Lapierre, ",http://www.habitation.gouv.qc.ca/repertoire/organisme/residences_cure_lapierre.html
"Résidences Kirouac, ",http://www.habitation.gouv.qc.ca/repertoire/organisme/residences_kirouac.html
"Résidences populaires Québec, ",http://www.habitation.gouv.qc.ca/repertoire/organisme/residences_populaires_quebec.html
"Sécuri-Loge La Malbaie, ",http://www.habitation.gouv.qc.ca/repertoire/organisme/securi_loge_la_malbaie.html
"Société Action-Logis de Québec, ",http://www.habitation.gouv.qc.ca/repertoire/organisme/societe_action_chambreurs_qc.html
"Société immobilière YWCA, ",http://www.habitation.gouv.qc.ca/repertoire/organisme/societe_immobiliere_ywca.html
"Société le Radoub, ",http://www.habitation.gouv.qc.ca/repertoire/organisme/societe_le_radoub.html
"Société mun. d'hab. Champlain, ",http://www.habitation.gouv.qc.ca/repertoire/organisme/societe_mun_dhab_champlain.html
"Squat Basse-Ville, ",http://www.habitation.gouv.qc.ca/repertoire/organisme/squat_basse_ville.html
"Toit en réserve de Québec Inc., ",http://www.habitation.gouv.qc.ca/repertoire/organisme/toit_en_reserve_de_quebec_inc.html
"Villa Beauséjour, ",http://www.habitation.gouv.qc.ca/repertoire/organisme/villa_beausejour.html
"Villa de l'Avenir, ",http://www.habitation.gouv.qc.ca/repertoire/organisme/villa_de_lavenir.html
"Villa des Bosquets, ",http://www.habitation.gouv.qc.ca/repertoire/organisme/villa_des_bosquets.html
"Villa des Colibris, ",http://www.habitation.gouv.qc.ca/repertoire/organisme/villa_des_colibris.html
"Villa Val d'Espoir, ",http://www.habitation.gouv.qc.ca/repertoire/organisme/villa_val_despoir.html
"Centre Havre Trois-Rivières, ",http://www.habitation.gouv.qc.ca/repertoire/organisme/centre_havre_trois_rivieres.html
"CIUSSS-Mauricie-Centre Quebec, ",http://www.habitation.gouv.qc.ca/repertoire/organisme/ciusss_mauricie_centre_quebec.html
"Groupe Accès aux Logis, ",http://www.habitation.gouv.qc.ca/repertoire/organisme/groupe_acces_aux_logis.html
"Hauts Boisés de Grand-Mère, ",http://www.habitation.gouv.qc.ca/repertoire/organisme/hauts_boises_de_grand_mere.html
"J'ai mon appart', ",http://www.habitation.gouv.qc.ca/repertoire/organisme/jai_mon_appart.html
"Place Trois-Rivières, ",http://www.habitation.gouv.qc.ca/repertoire/organisme/place_trois_rivieres.html
"Premier Envol Inc., ",http://www.habitation.gouv.qc.ca/repertoire/organisme/premier_envol_inc.html
"Renaissance (La Tuque) 2000, ",http://www.habitation.gouv.qc.ca/repertoire/organisme/renaissance_la_tuque_2000.html
"Réseau d'hab. com. Mauricie, ",http://www.habitation.gouv.qc.ca/repertoire/organisme/reseau_dhab_com_mauricie.html
"Résidence Christ-Roi, ",http://www.habitation.gouv.qc.ca/repertoire/organisme/residence_christ_roi.html
"Résidences pop. des Chenaux, ",http://www.habitation.gouv.qc.ca/repertoire/organisme/residences_pop_des_chenaux.html
"Société hab com. centre Québec, ",http://www.habitation.gouv.qc.ca/repertoire/organisme/societe_hab_com_centre_quebec.html
"Villa Tournesol (La), ",http://www.habitation.gouv.qc.ca/repertoire/organisme/villa_tournesol_la.html
"Accueil Notre-Dame, ",http://www.habitation.gouv.qc.ca/repertoire/organisme/accueil_notre_dame.html
"Appartements Potton (Les), ",http://www.habitation.gouv.qc.ca/repertoire/organisme/appartements_potton_les.html
"Ass. héberg. pers. hand.Granit, ",http://www.habitation.gouv.qc.ca/repertoire/organisme/ass_heberg_pers_handgranit.html
"Ass. Intégration Rés. Estrie, ",http://www.habitation.gouv.qc.ca/repertoire/organisme/ass_integration_res_estrie.html
"C.S.S.S. Inst.Univ. Sherbrooke, ",http://www.habitation.gouv.qc.ca/repertoire/organisme/csss_instuniv_sherbrooke.html
"Centre hab. init. com. Granit, ",http://www.habitation.gouv.qc.ca/repertoire/organisme/centre_hab_init_com_granit.html
"Comité d'Hab. Place Stanstead, ",http://www.habitation.gouv.qc.ca/repertoire/organisme/comite_dhab_place_stanstead.html
"Comité des résidences Weedon, ",http://www.habitation.gouv.qc.ca/repertoire/organisme/comite_des_residences_weedon.html
"Cordée, Ress. alterna. santé, ",http://www.habitation.gouv.qc.ca/repertoire/organisme/cordee_ress_alterna_sante.html
"Domaine colline Cookshire, ",http://www.habitation.gouv.qc.ca/repertoire/organisme/domaine_colline_cookshire.html
"Entrée Chez-Soi Brome-Missis., ",http://www.habitation.gouv.qc.ca/repertoire/organisme/entree_chez_soi_brome_missis-1.html
"Habitations Hestia, ",http://www.habitation.gouv.qc.ca/repertoire/organisme/habitations_hestia.html
"Habitations l'Équerre inc., ",http://www.habitation.gouv.qc.ca/repertoire/organisme/habitations_lequerre_inc.html
"Habitations Memphrémagog, ",http://www.habitation.gouv.qc.ca/repertoire/organisme/habitations_memphremagog.html
"Han-Logement, ",http://www.habitation.gouv.qc.ca/repertoire/organisme/han_logement.html
"Handi-Ressources, ",http://www.habitation.gouv.qc.ca/repertoire/organisme/handi_ressources.html
"Hébergement Magog-Orford, ",http://www.habitation.gouv.qc.ca/repertoire/organisme/hebergement_magog_orford.html
"Logements Handi-Cité, ",http://www.habitation.gouv.qc.ca/repertoire/organisme/logements_handi_cite.html
"Logi-Mégantic, ",http://www.habitation.gouv.qc.ca/repertoire/organisme/logi_megantic.html
"Maison de Montigny, ",http://www.habitation.gouv.qc.ca/repertoire/organisme/maison_de_montigny.html
"Maison Soleil de Mansonville, ",http://www.habitation.gouv.qc.ca/repertoire/organisme/maison_soleil_de_mansonville.html
"Maisons Butters, ",http://www.habitation.gouv.qc.ca/repertoire/organisme/maisons_butters-1.html
"Mon Shack,Mes choix,Mon avenir, ",http://www.habitation.gouv.qc.ca/repertoire/organisme/mon_shackmes_choixmon_avenir.html
"Parallèle Habitation sociale, ",http://www.habitation.gouv.qc.ca/repertoire/organisme/parallele_habitation_sociale.html
"Pavillon Gévry-Lussier, ",http://www.habitation.gouv.qc.ca/repertoire/organisme/pavillon_gevry_lussier-1.html
"Rés. Alternatives de l'Estrie, ",http://www.habitation.gouv.qc.ca/repertoire/organisme/res_alternatives_de_lestrie.html
"Résidences Ascot, ",http://www.habitation.gouv.qc.ca/repertoire/organisme/residences_ascot.html
"Ress. hommes Haute-Yamaska, ",http://www.habitation.gouv.qc.ca/repertoire/organisme/ress_hommes_haute_yamaska-1.html
"Ressource en entretien ménager, ",http://www.habitation.gouv.qc.ca/repertoire/organisme/ressource_en_entretien_menager.html
"Villa Pierrot, ",http://www.habitation.gouv.qc.ca/repertoire/organisme/villa_pierrot.html
"Villas des Monts de Sutton, ",http://www.habitation.gouv.qc.ca/repertoire/organisme/villas_des_monts_de_sutton-1.html
"ACHIM, ",http://www.habitation.gouv.qc.ca/repertoire/organisme/achim.html
"Action-Réinsertion, ",http://www.habitation.gouv.qc.ca/repertoire/organisme/action_reinsertion.html
"Appartement du Vieux-Port, ",http://www.habitation.gouv.qc.ca/repertoire/organisme/appartement_du_vieux_port.html
"Armée du Salut (L), ",http://www.habitation.gouv.qc.ca/repertoire/organisme/armee_du_salut_l.html
"Ass. Canadienne Slave de Mtl, ",http://www.habitation.gouv.qc.ca/repertoire/organisme/ass_canadienne_slave_de_mtl.html
"Association entraide Chainons, ",http://www.habitation.gouv.qc.ca/repertoire/organisme/association_entraide_chainons.html
"Association Iris, ",http://www.habitation.gouv.qc.ca/repertoire/organisme/association_iris.html
"Association Logement Amitié, ",http://www.habitation.gouv.qc.ca/repertoire/organisme/association_logement_amitie.html
"Bel Age de Mercier, ",http://www.habitation.gouv.qc.ca/repertoire/organisme/bel_age_de_mercier.html
"Bon Dieu dans la Rue, ",http://www.habitation.gouv.qc.ca/repertoire/organisme/bon_dieu_dans_la_rue.html
"Brin Elles(d), ",http://www.habitation.gouv.qc.ca/repertoire/organisme/brin_ellesd.html
"Brises de Lachine, ",http://www.habitation.gouv.qc.ca/repertoire/organisme/brises_de_lachine.html
"Bureau Consultation Jeunesse, ",http://www.habitation.gouv.qc.ca/repertoire/organisme/bureau_consultation_jeunesse.html
"Carrefour Familial Hochelaga, ",http://www.habitation.gouv.qc.ca/repertoire/organisme/carrefour_familial_hochelaga.html
"Carrefour St-Barnabé Inc., ",http://www.habitation.gouv.qc.ca/repertoire/organisme/carrefour_st_barnabe_inc.html
"Cegecom, ",http://www.habitation.gouv.qc.ca/repertoire/organisme/cegecom.html
"Centre Ainés Asie du Sud-Est, ",http://www.habitation.gouv.qc.ca/repertoire/organisme/centre_aines_asie_du_sud_est.html
"Centre com. St-Antoine 50+, ",http://www.habitation.gouv.qc.ca/repertoire/organisme/centre_com_st_antoine_50.html
"Centre comm. Petite-Côte, ",http://www.habitation.gouv.qc.ca/repertoire/organisme/car_comm_rosemont_entre_gens.html
"Centre de crise Ouest de l'Île, ",http://www.habitation.gouv.qc.ca/repertoire/organisme/centre_de_crise_ouest_de_lile.html
"Centre Marc-Vanier, ",http://www.habitation.gouv.qc.ca/repertoire/organisme/centre_marc_vanier.html
"Centre réadap. Lucie-Bruneau, ",http://www.habitation.gouv.qc.ca/repertoire/organisme/centre_readap_lucie_bruneau.html
"Centre uni comm Chinoise, ",http://www.habitation.gouv.qc.ca/repertoire/organisme/centre_uni_comm_chinoise.html
"Centre Yee - Kang, ",http://www.habitation.gouv.qc.ca/repertoire/organisme/centre_yee_kang.html
"Chambre, ",http://www.habitation.gouv.qc.ca/repertoire/organisme/chambre.html
"Chambreclerc, ",http://www.habitation.gouv.qc.ca/repertoire/organisme/chambreclerc.html
"Chambrenfleur, ",http://www.habitation.gouv.qc.ca/repertoire/organisme/chambrenfleur.html
"Château B'Nai Brith, ",http://www.habitation.gouv.qc.ca/repertoire/organisme/chateau_bnai_brith.html
"Chemin de la Cöte, ",http://www.habitation.gouv.qc.ca/repertoire/organisme/chemin_de_la_coete.html
"Chez soi Notre-Dame-de-Grâce, ",http://www.habitation.gouv.qc.ca/repertoire/organisme/chez_soi_notre_dame_de_grace.html
"Chez-nous des artistes (le), ",http://www.habitation.gouv.qc.ca/repertoire/organisme/chez_nous_des_artistes_le.html
"Chrysalide, ",http://www.habitation.gouv.qc.ca/repertoire/organisme/chrysalide.html
"Citadelle de St-Ambroise, ",http://www.habitation.gouv.qc.ca/repertoire/organisme/citadelle_de_st_ambroise.html
"Cité Batis.Pointe-St-Charles, ",http://www.habitation.gouv.qc.ca/repertoire/organisme/cite_batispointe_st_charles.html
"Communauté thérap. Chrysalide, ",http://www.habitation.gouv.qc.ca/repertoire/organisme/communaute_therap_chrysalide.html
"Corp. Centre uni com Chinoise, ",http://www.habitation.gouv.qc.ca/repertoire/organisme/corp_centre_uni_com_chinoise.html
"Corp. Logique Regain de vie, ",http://www.habitation.gouv.qc.ca/repertoire/organisme/corp_logique_regain_de_vie.html
"Demeures Ste-Croix, ",http://www.habitation.gouv.qc.ca/repertoire/organisme/demeures_ste_croix.html
"Demeures Ste-Croix Phase II, ",http://www.habitation.gouv.qc.ca/repertoire/organisme/demeures_ste_croix_phase_ii.html
"Demeures Ste-Croix, Phase III, ",http://www.habitation.gouv.qc.ca/repertoire/organisme/demeures_ste_croix_phase_iii.html
"Dîners St-Louis, ",http://www.habitation.gouv.qc.ca/repertoire/organisme/din_renc_st_louis_de_gonzague.html
"En Marge 12-17, ",http://www.habitation.gouv.qc.ca/repertoire/organisme/en_marge_12_17.html
"Entraide St-Michel, ",http://www.habitation.gouv.qc.ca/repertoire/organisme/entraide_st_michel.html
"Espace la Traversée, ",http://www.habitation.gouv.qc.ca/repertoire/organisme/espace_la_traversee.html
"Eveil de Pointe St-Charles, ",http://www.habitation.gouv.qc.ca/repertoire/organisme/eveil_de_pointe_st_charles.html
"Fondation Aveugles Québec, ",http://www.habitation.gouv.qc.ca/repertoire/organisme/fondation_aveugles_quebec.html
"Fondations du Quartier, ",http://www.habitation.gouv.qc.ca/repertoire/organisme/fondations_du_quartier.html
"Foyer catholique chinois Mtl, ",http://www.habitation.gouv.qc.ca/repertoire/organisme/foyer_catholique_chinois_mtl.html
"Foyer catholique chinois ph II, ",http://www.habitation.gouv.qc.ca/repertoire/organisme/foyer_catholique_chinois_ph_ii.html
"Foyer Hongrois, ",http://www.habitation.gouv.qc.ca/repertoire/organisme/foyer_hongrois.html
"Foyer Portugais Santa-Cruz, ",http://www.habitation.gouv.qc.ca/repertoire/organisme/foyer_portugais_santa_cruz.html
"Grand Âge (Le), ",http://www.habitation.gouv.qc.ca/repertoire/organisme/residence_le_grand_age.html
"Groupe d'entraide Lachine, ",http://www.habitation.gouv.qc.ca/repertoire/organisme/groupe_dentraide_lachine.html
"Groupe Kehilla Montréal I, ",http://www.habitation.gouv.qc.ca/repertoire/organisme/groupe_kehilla_montreal_i.html
"Hab. boul. de Montréal-Nord, ",http://www.habitation.gouv.qc.ca/repertoire/organisme/hab_boul_de_montreal_nord.html
"Hab. com. Saint-Laurent (HCSL), ",http://www.habitation.gouv.qc.ca/repertoire/organisme/hab_com_saint_laurent_hcsl.html
"Hab. comm. Côte-des-Neiges, ",http://www.habitation.gouv.qc.ca/repertoire/organisme/hab_comm_cote_des_neiges.html
"Hab. comm. de la Shapem, ",http://www.habitation.gouv.qc.ca/repertoire/organisme/hab_comm_de_la_shapem.html
"Hab. comm. Entre Deux Ages, ",http://www.habitation.gouv.qc.ca/repertoire/organisme/hab_comm_entre_deux_ages.html
"Hab. comm. Hellénique Montréal, ",http://www.habitation.gouv.qc.ca/repertoire/organisme/hab_comm_hellenique_montreal.html
"Hab. comm. Loggia, ",http://www.habitation.gouv.qc.ca/repertoire/organisme/hab_comm_loggia.html
"Hab. communautaire Banlieue, ",http://www.habitation.gouv.qc.ca/repertoire/organisme/hab_communautaire_banlieue.html
"Hab. Réseau de l'Académie, ",http://www.habitation.gouv.qc.ca/repertoire/organisme/hab_reseau_de_lacademie.html
"Hab. Terrasse St-Michel, ",http://www.habitation.gouv.qc.ca/repertoire/organisme/hab_terrasse_st_michel.html
"Hab.adaptées et acces. TANGO, ",http://www.habitation.gouv.qc.ca/repertoire/organisme/habadaptees_et_acces_tango.html
"Hab.comm. de Lachine, ",http://www.habitation.gouv.qc.ca/repertoire/organisme/habcomm_de_lachine.html
"Hab.pop. de Parc Extension, ",http://www.habitation.gouv.qc.ca/repertoire/organisme/habpop_de_parc_extension.html
"Habitations à ciel ouvert, ",http://www.habitation.gouv.qc.ca/repertoire/organisme/habitations_a_ciel_ouvert.html
"Habitations Alexandra, ",http://www.habitation.gouv.qc.ca/repertoire/organisme/habitations_alexandra.html
"Habitations com. de Verdun, ",http://www.habitation.gouv.qc.ca/repertoire/organisme/habitations_com_de_verdun.html
"Habitations com. logique, ",http://www.habitation.gouv.qc.ca/repertoire/organisme/habitations_com_logique.html
"Habitations com. Mainbourg, ",http://www.habitation.gouv.qc.ca/repertoire/organisme/habitations_com_mainbourg.html
"Habitations comm. Portage, ",http://www.habitation.gouv.qc.ca/repertoire/organisme/habitations_comm_portage.html
"Habitations comm. Portage II, ",http://www.habitation.gouv.qc.ca/repertoire/organisme/habitations_comm_portage_ii.html
"Habitations Comm.St-Paul/Emard, ",http://www.habitation.gouv.qc.ca/repertoire/organisme/habitations_commst_paulemard.html
"Habitations communautaires NDG, ",http://www.habitation.gouv.qc.ca/repertoire/organisme/habitations_communautaires_ndg.html
"Habitations D'Aragon-Jogues, ",http://www.habitation.gouv.qc.ca/repertoire/organisme/habitations_daragon_jogues.html
"Habitations de la Shapem, ",http://www.habitation.gouv.qc.ca/repertoire/organisme/habitations_de_la_shapem.html
"Habitations Habitoeil Rosemont, ",http://www.habitation.gouv.qc.ca/repertoire/organisme/habitations_habitoeil_rosemont.html
"Habitations Hélène Desportes, ",http://www.habitation.gouv.qc.ca/repertoire/organisme/habitations_helene_desportes.html
"Habitations L'École des sages, ",http://www.habitation.gouv.qc.ca/repertoire/organisme/habitations_lecole_des_sages.html
"Habitations les deux âges, ",http://www.habitation.gouv.qc.ca/repertoire/organisme/habitations_les_deux_ages.html
"Habitations les II volets, ",http://www.habitation.gouv.qc.ca/repertoire/organisme/habitations_les_ii_volets.html
"Habitations les Trinitaires, ",http://www.habitation.gouv.qc.ca/repertoire/organisme/habitations_les_trinitaires.html
"Habitations Loge-Accès, ",http://www.habitation.gouv.qc.ca/repertoire/organisme/habitations_loge_acces.html
"Habitations Loggia-Pélican, ",http://www.habitation.gouv.qc.ca/repertoire/organisme/habitations_loggia_pelican.html
"Habitations Negcomburdy, ",http://www.habitation.gouv.qc.ca/repertoire/organisme/habitations_negcomburdy.html
"Habitations Nicolas Viel, ",http://www.habitation.gouv.qc.ca/repertoire/organisme/habitations_nicolas_viel.html
"Habitations nouvelles avenues, ",http://www.habitation.gouv.qc.ca/repertoire/organisme/habitations_nouvelles_avenues.html
"Habitations Oasis Pte-St-Charl, ",http://www.habitation.gouv.qc.ca/repertoire/organisme/habitations_oasis_pte_st_charl.html
"Habitations Paradoxe (Les), ",http://www.habitation.gouv.qc.ca/repertoire/organisme/habitations_paradoxe_les.html
"Habitations Sherwin, ",http://www.habitation.gouv.qc.ca/repertoire/organisme/habitations_sherwin.html
"Habitations Solidaires SHAPEM, ",http://www.habitation.gouv.qc.ca/repertoire/organisme/habitations_solidaires_shapem.html
"Habitations univ. accessibles, ",http://www.habitation.gouv.qc.ca/repertoire/organisme/habitations_univ_accessibles.html
"Havico MN, ",http://www.habitation.gouv.qc.ca/repertoire/organisme/havico_mn.html
"Hébergements Humano, ",http://www.habitation.gouv.qc.ca/repertoire/organisme/hebergements_humano.html
"Héberjeune de Parc Extension, ",http://www.habitation.gouv.qc.ca/repertoire/organisme/heberjeune_de_parc_exension.html
"Ile des amis, ",http://www.habitation.gouv.qc.ca/repertoire/organisme/ile_des_amis.html
"Immeubles Ropery/Shearer (Les), ",http://www.habitation.gouv.qc.ca/repertoire/organisme/immeubles_roperyshearer_les.html
"Inter-Loge centre-sud, ",http://www.habitation.gouv.qc.ca/repertoire/organisme/inter_loge_centre_sud.html
"Jardins d'Eugénie, ",http://www.habitation.gouv.qc.ca/repertoire/organisme/jardins_deugenie.html
"L.C.S.G., ",http://www.habitation.gouv.qc.ca/repertoire/organisme/lcsg.html
"Le Quartier des générations, ",http://www.habitation.gouv.qc.ca/repertoire/organisme/le_quartier_des_generations.html
"Les habitations de la F.A.Q, ",http://www.habitation.gouv.qc.ca/repertoire/organisme/les_habitations_de_la_faq.html
"Les Studios Ville-marie, ",http://www.habitation.gouv.qc.ca/repertoire/organisme/les_studios_ville_marie.html
"Log. Comm. Chinois Mtl. II, ",http://www.habitation.gouv.qc.ca/repertoire/organisme/log_comm_chinois_mtl_ii.html
"Log. Comm. Chinois de Montréal, ",http://www.habitation.gouv.qc.ca/repertoire/organisme/log_comm_chinois_de_montreal.html
"Logements comm. Lasalle, ",http://www.habitation.gouv.qc.ca/repertoire/organisme/logements_comm_lasalle.html
"Logements James Turner, ",http://www.habitation.gouv.qc.ca/repertoire/organisme/logements_james_turner.html
"Loges du Mile End, ",http://www.habitation.gouv.qc.ca/repertoire/organisme/loges_du_mile_end.html
"Logi-P.A.L., ",http://www.habitation.gouv.qc.ca/repertoire/organisme/logi_pal.html
"Logifamille, ",http://www.habitation.gouv.qc.ca/repertoire/organisme/logifamille.html
"Logis 12 +, ",http://www.habitation.gouv.qc.ca/repertoire/organisme/logis_12.html
"Logis Phare, ",http://www.habitation.gouv.qc.ca/repertoire/organisme/logis_phare.html
"LOGIS-RAP, ",http://www.habitation.gouv.qc.ca/repertoire/organisme/logis_rap.html
"Logisplus, ",http://www.habitation.gouv.qc.ca/repertoire/organisme/logisplus.html
"Maison Caci, ",http://www.habitation.gouv.qc.ca/repertoire/organisme/maison_caci.html
"Maison Claire-Ménard, ",http://www.habitation.gouv.qc.ca/repertoire/organisme/maison_claire_menard.html
"Maison d'Hérelle, ",http://www.habitation.gouv.qc.ca/repertoire/organisme/corpfelix_hubert_dherelle.html
"Maison des Aînés Hochelaga-M., ",http://www.habitation.gouv.qc.ca/repertoire/organisme/maison_des_aines_hochelaga_m.html
"Maison des Beaux jours, ",http://www.habitation.gouv.qc.ca/repertoire/organisme/maison_des_beaux_jours.html
"Maison des sourds, ",http://www.habitation.gouv.qc.ca/repertoire/organisme/maison_des_sourds.html
"Maison du Père, ",http://www.habitation.gouv.qc.ca/repertoire/organisme/maison_du_pere.html
"Maison Jeun'aide, ",http://www.habitation.gouv.qc.ca/repertoire/organisme/maison_jeunaide.html
"Maison Joseph Vincent, ",http://www.habitation.gouv.qc.ca/repertoire/organisme/maison_joseph_vincent.html
"Maison l'Accolade, ",http://www.habitation.gouv.qc.ca/repertoire/organisme/maison_laccolade.html
"Maison l'Échelon Inc., ",http://www.habitation.gouv.qc.ca/repertoire/organisme/maison_lechelon_inc.html
"Maison L'éclaircie de Montréal, ",http://www.habitation.gouv.qc.ca/repertoire/organisme/maison_leclaircie_de_montreal.html
"Maison L'Exode, ",http://www.habitation.gouv.qc.ca/repertoire/organisme/maison_rehabilitation_exode.html
"Maison le Parcours, ",http://www.habitation.gouv.qc.ca/repertoire/organisme/maison_le_parcours.html
"Maison St-Dominique, ",http://www.habitation.gouv.qc.ca/repertoire/organisme/maison_st_dominique.html
"Maisons Adrianna (Écono-Loge), ",http://www.habitation.gouv.qc.ca/repertoire/organisme/maisons_adrianna_econo_loge.html
"Maisons Transitionnelles o3, ",http://www.habitation.gouv.qc.ca/repertoire/organisme/maisons_transitionnelles_03.html
"Méta d'Âme, ",http://www.habitation.gouv.qc.ca/repertoire/organisme/meta_dame.html
"Mission Bon Accueil, ",http://www.habitation.gouv.qc.ca/repertoire/organisme/mission_bon_accueil.html
"Mission Old Brewery, ",http://www.habitation.gouv.qc.ca/repertoire/organisme/mission_old_brewery.html
"Mon toit Mon cartier, ",http://www.habitation.gouv.qc.ca/repertoire/organisme/mon_toit_mon_cartier.html
"NAHA, ",http://www.habitation.gouv.qc.ca/repertoire/organisme/naha.html
"OBNL Christophe Colomb, ",http://www.habitation.gouv.qc.ca/repertoire/organisme/obnl_christophe_colomb.html
"OBNL Imm. Salaberry Grenet, ",http://www.habitation.gouv.qc.ca/repertoire/organisme/obnl_imm_salaberry_grenet.html
"OBNL l'habitation 21, ",http://www.habitation.gouv.qc.ca/repertoire/organisme/obnl_lhabitation_21.html
"OBNL l'habitation 22, ",http://www.habitation.gouv.qc.ca/repertoire/organisme/obnl_lhabitation_22.html
"OBNL Place Première, ",http://www.habitation.gouv.qc.ca/repertoire/organisme/obnl_place_premiere.html
"OSBL Augustin-Cantin, ",http://www.habitation.gouv.qc.ca/repertoire/organisme/osbl_augustin_cantin.html
"PAS de la rue(Le), ",http://www.habitation.gouv.qc.ca/repertoire/organisme/pas_de_la_ruele.html
"Passerelle, ",http://www.habitation.gouv.qc.ca/repertoire/organisme/passerelle.html
"Place Griffintown, ",http://www.habitation.gouv.qc.ca/repertoire/organisme/place_griffintown.html
"Place pour rester, ",http://www.habitation.gouv.qc.ca/repertoire/organisme/place_pour_rester.html
"Porte d'or des Îles, ",http://www.habitation.gouv.qc.ca/repertoire/organisme/porte_dor_des_iles.html
"Porte de l'amitié, ",http://www.habitation.gouv.qc.ca/repertoire/organisme/porte_de_lamitie.html
"Projets Autochtones du Québec, ",http://www.habitation.gouv.qc.ca/repertoire/organisme/projets_autochtones_du_quebec.html
"ProLoge Immobilier, ",http://www.habitation.gouv.qc.ca/repertoire/organisme/societe_dentraide_sos_osbl.html
"Reflet de Pointe St-Charles, ",http://www.habitation.gouv.qc.ca/repertoire/organisme/reflet_de_pointe_st_charles.html
"Regroupement serv. Propulsion, ",http://www.habitation.gouv.qc.ca/repertoire/organisme/regroupement_serv_propulsion.html
"Relais des Jeunes Familles le, ",http://www.habitation.gouv.qc.ca/repertoire/organisme/relais_des_jeunes_familles_le.html
"Réseau Hab. femmes Montréal, ",http://www.habitation.gouv.qc.ca/repertoire/organisme/reseau_hab_femmes_montreal.html
"Résidence Alexis-Nihon, ",http://www.habitation.gouv.qc.ca/repertoire/organisme/residence_alexis_nihon.html
"Résidence Aurélie-Cadotte, ",http://www.habitation.gouv.qc.ca/repertoire/organisme/residence_aurelie_cadotte.html
"Résidence Bienvenue, ",http://www.habitation.gouv.qc.ca/repertoire/organisme/residence_bienvenue.html
"Résidence Comm.Chinoise Mont., ",http://www.habitation.gouv.qc.ca/repertoire/organisme/residence_commchinoise_mont.html
"Résidence Habitoeil Montréal, ",http://www.habitation.gouv.qc.ca/repertoire/organisme/residence_habitoeil_montreal.html
"Résidence Norma Mcallister, ",http://www.habitation.gouv.qc.ca/repertoire/organisme/residence_norma_mcallister.html
"Résidence Projet chance, ",http://www.habitation.gouv.qc.ca/repertoire/organisme/residence_projet_chance.html
"Résidence Projet chance II, ",http://www.habitation.gouv.qc.ca/repertoire/organisme/residence_projet_chance_ii.html
"Résidence Ukrainienne de Mtl, ",http://www.habitation.gouv.qc.ca/repertoire/organisme/residence_ukrainienne_de_mtl.html
"Résidences Anatole Carignan, ",http://www.habitation.gouv.qc.ca/repertoire/organisme/residences_anatole_carignan.html
"Résidences B'Nai Brith, ",http://www.habitation.gouv.qc.ca/repertoire/organisme/residences_bnai_brith.html
"Residences Caldwell, ",http://www.habitation.gouv.qc.ca/repertoire/organisme/residences_caldwell.html
"Résidences Commun. Ahuntsic, ",http://www.habitation.gouv.qc.ca/repertoire/organisme/residences_commun_ahuntsic.html
"Ressources Hab. de l'Ouest, ",http://www.habitation.gouv.qc.ca/repertoire/organisme/ressources_hab_de_louest.html
"Revanous, ",http://www.habitation.gouv.qc.ca/repertoire/organisme/revanous.html
"Rue des Femmes de Montréal, ",http://www.habitation.gouv.qc.ca/repertoire/organisme/rue_des_femmes_de_montreal.html
"Saint-Patrick (Le), ",http://www.habitation.gouv.qc.ca/repertoire/organisme/saint_patrick_le.html
"Sidalys, ",http://www.habitation.gouv.qc.ca/repertoire/organisme/sidalys.html
"SOCAM, ",http://www.habitation.gouv.qc.ca/repertoire/organisme/socam.html
"Société hab. comm. logique, ",http://www.habitation.gouv.qc.ca/repertoire/organisme/societe_hab_comm_logique.html
"Société hab. sans barrière, ",http://www.habitation.gouv.qc.ca/repertoire/organisme/societe_hab_sans_barriere.html
"Société hab. Sclérose plaques, ",http://www.habitation.gouv.qc.ca/repertoire/organisme/societe_hab_sclerose_plaques.html
"Société rés. Entraide Mtl, ",http://www.habitation.gouv.qc.ca/repertoire/organisme/societe_res_entraide_mtl.html
"Sous le toit de P.A.L., ",http://www.habitation.gouv.qc.ca/repertoire/organisme/sous_le_toit_de_pal.html
"Toît pour Tous Petite-Patrie, ",http://www.habitation.gouv.qc.ca/repertoire/organisme/toit_pour_tous_petite_patrie.html
"Toits de Mercier, ",http://www.habitation.gouv.qc.ca/repertoire/organisme/toits_de_mercier.html
"Un toit en ville, ",http://www.habitation.gouv.qc.ca/repertoire/organisme/un_toit_en_ville.html
"Universal Negro Improvement Mt, ",http://www.habitation.gouv.qc.ca/repertoire/organisme/universal_negro_improvement_mt.html
"Utopie Créatrice, ",http://www.habitation.gouv.qc.ca/repertoire/organisme/utopie_creatrice.html
"Vilavi Québec, ",http://www.habitation.gouv.qc.ca/repertoire/organisme/dianova_quebec.html
"Villa Beaurepaire, ",http://www.habitation.gouv.qc.ca/repertoire/organisme/villa_beaurepaire.html
"Villa Expres pour Toi, ",http://www.habitation.gouv.qc.ca/repertoire/organisme/villa_expres_pour_toi.html
"Villa Raimbault, ",http://www.habitation.gouv.qc.ca/repertoire/organisme/villa_raimbault.html
"Villa Ukrainienne, ",http://www.habitation.gouv.qc.ca/repertoire/organisme/villa_ukrainienne.html
"Arche Outaouais inc., ",http://www.habitation.gouv.qc.ca/repertoire/organisme/arche_agape_inc.html
"Assoc. ouïe de l'Outaouais, ",http://www.habitation.gouv.qc.ca/repertoire/organisme/assoc_ouie_de_loutaouais.html
"Campus 3, ",http://www.habitation.gouv.qc.ca/repertoire/organisme/campus_3.html
"Centre Inter-section, ",http://www.habitation.gouv.qc.ca/repertoire/organisme/centre_inter_section.html
"Centre rég. réadapt. ressourse, ",http://www.habitation.gouv.qc.ca/repertoire/organisme/centre_reg_readapt_ressourse.html
"Centre social Kogaluk, ",http://www.habitation.gouv.qc.ca/repertoire/organisme/centre_social_kogaluk.html
"Corp. municipale Plaisance, ",http://www.habitation.gouv.qc.ca/repertoire/organisme/corp_municipale_plaisance.html
"Fondation Imm. de l'Outaouais, ",http://www.habitation.gouv.qc.ca/repertoire/organisme/fondation_imm_de_loutaouais.html
"Gîte Ami, ",http://www.habitation.gouv.qc.ca/repertoire/organisme/gite_ami.html
"Hab. des Rivières Outaouais, ",http://www.habitation.gouv.qc.ca/repertoire/organisme/hab_des_rivieres_outaouais.html
"Hab. Outaouais Métropolitain, ",http://www.habitation.gouv.qc.ca/repertoire/organisme/hab_outaouais_metropolitain.html
"Habitations La relance, ",http://www.habitation.gouv.qc.ca/repertoire/organisme/habitations_la_relance.html
"Habitations Namur, ",http://www.habitation.gouv.qc.ca/repertoire/organisme/habitations_namur.html
"Habitations Unies-Vers-Toit, ",http://www.habitation.gouv.qc.ca/repertoire/organisme/habitations_unies_vers_toit.html
"Halte-Femme Haute-Gatineau, ",http://www.habitation.gouv.qc.ca/repertoire/organisme/halte_femme_haute_gatineau.html
"Le Boulev'art de la vallée, ",http://www.habitation.gouv.qc.ca/repertoire/organisme/le_boulevart_de_la_vallee.html
"Logement Occupe, ",http://www.habitation.gouv.qc.ca/repertoire/organisme/logement_occupe.html
"Logements de l'Outaouais inc., ",http://www.habitation.gouv.qc.ca/repertoire/organisme/logements_de_loutaouais_inc.html
"Maison hébergement pour elles, ",http://www.habitation.gouv.qc.ca/repertoire/organisme/maison_hebergement_pour_elles.html
"Mimosa du Quartier (Le), ",http://www.habitation.gouv.qc.ca/repertoire/organisme/mimosa_du_quartier_le.html
"Mon Chez-Nous Incorporée, ",http://www.habitation.gouv.qc.ca/repertoire/organisme/mon_chez_nous_incorporee.html
"Oeuvres Isidore Ostiguy, ",http://www.habitation.gouv.qc.ca/repertoire/organisme/oeuvres_isidore_ostiguy.html
"Pavillon Larocque, ",http://www.habitation.gouv.qc.ca/repertoire/organisme/pavillon_larocque.html
"Rés. Bel-Age Vallée Lièvre, ",http://www.habitation.gouv.qc.ca/repertoire/organisme/res_bel_age_vallee_lievre.html
"Résidence le porte-bonheur, ",http://www.habitation.gouv.qc.ca/repertoire/organisme/residence_le_porte_bonheur.html
"Résidence Meil. Haut Pontiac, ",http://www.habitation.gouv.qc.ca/repertoire/organisme/residence_meil_haut_pontiac.html
"Résidence Paugan Falls, ",http://www.habitation.gouv.qc.ca/repertoire/organisme/residence_paugan_falls.html
"Soupe populaire de Hull inc., ",http://www.habitation.gouv.qc.ca/repertoire/organisme/soupe_populaire_de_hull_inc.html
"Villa St-Louis-de-France, ",http://www.habitation.gouv.qc.ca/repertoire/organisme/villa_st_louis_de_france.html
"'Îlot d'Or inc., ",http://www.habitation.gouv.qc.ca/repertoire/organisme/ilot_dor_inc.html
"Appartements Comm. Le Pont, ",http://www.habitation.gouv.qc.ca/repertoire/organisme/appartements_comm_le_pont.html
"Arche Abitibi-Témiscamingue, ",http://www.habitation.gouv.qc.ca/repertoire/organisme/arche_abitibi_temiscamingue.html
"Bastide des Aînés, ",http://www.habitation.gouv.qc.ca/repertoire/organisme/bastide_des_aines.html
"Centre réadaptation La Maison, ",http://www.habitation.gouv.qc.ca/repertoire/organisme/centre_readaptation_la_maison.html
"Centre Rés.Communautaire Amos, ",http://www.habitation.gouv.qc.ca/repertoire/organisme/centre_rescommunautaire_amos.html
"Corp. Hab. L'Ombrelle, ",http://www.habitation.gouv.qc.ca/repertoire/organisme/corp_hab_lombrelle.html
"Corp. Municipale de Béarn, ",http://www.habitation.gouv.qc.ca/repertoire/organisme/corp_municipale_de_bearn.html
"Corp. PavillonTête-du-Lac, ",http://www.habitation.gouv.qc.ca/repertoire/organisme/corp_pavillontete_du_lac.html
"Corporation Pavillon de l'Est, ",http://www.habitation.gouv.qc.ca/repertoire/organisme/corporation_pavillon_de_lest.html
"Domaine de l'hirondelle, ",http://www.habitation.gouv.qc.ca/repertoire/organisme/domaine_de_lhirondelle.html
"Domaine des Pionniers, ",http://www.habitation.gouv.qc.ca/repertoire/organisme/domaine_des_pionniers.html
"E.L.A.N. Laverlochère, ",http://www.habitation.gouv.qc.ca/repertoire/organisme/elan_laverlochere.html
"Groupe Soleil de Malartic inc., ",http://www.habitation.gouv.qc.ca/repertoire/organisme/groupe_soleil_de_malartic_inc.html
"Habitation L. Turmel, ",http://www.habitation.gouv.qc.ca/repertoire/organisme/habitation_l_turmel.html
"Hébergement La Maisonnée, ",http://www.habitation.gouv.qc.ca/repertoire/organisme/hebergement_la_maisonnee.html
"Immeubles Roc d'Or, ",http://www.habitation.gouv.qc.ca/repertoire/organisme/immeubles_roc_dor.html
"Intrépides de Rouyn-Noranda, ",http://www.habitation.gouv.qc.ca/repertoire/organisme/intrepides_de_rouyn_noranda.html
"Logelec, ",http://www.habitation.gouv.qc.ca/repertoire/organisme/logelec.html
"Logement social Rouyn-Noranda, ",http://www.habitation.gouv.qc.ca/repertoire/organisme/logement_social_rouyn_noranda.html
"Logements Pop. de Val-d'Or, ",http://www.habitation.gouv.qc.ca/repertoire/organisme/logements_pop_de_val_dor.html
"Logements sociaux Habitage, ",http://www.habitation.gouv.qc.ca/repertoire/organisme/logements_sociaux_habitage.html
"Maison soins palliatifs Rouyn, ",http://www.habitation.gouv.qc.ca/repertoire/organisme/maison_soins_palliatifs_rouyn.html
"Pavillon Royal-Roussillon inc., ",http://www.habitation.gouv.qc.ca/repertoire/organisme/pavillon_royal_roussillon_inc.html
"Piaule de Val d'Or Inc, ",http://www.habitation.gouv.qc.ca/repertoire/organisme/piaule_de_val_dor_inc.html
"Résidence du Mieux-Vivre, ",http://www.habitation.gouv.qc.ca/repertoire/organisme/residence_du_mieux_vivre.html
"Résidences Témiscaming, ",http://www.habitation.gouv.qc.ca/repertoire/organisme/residences_temiscaming.html
"Table conc. P.A. Témiscamingue, ",http://www.habitation.gouv.qc.ca/repertoire/organisme/table_conc_pa_temiscamingue.html
"Corélo Inc., ",http://www.habitation.gouv.qc.ca/repertoire/organisme/corelo_inc.html
"Corp. Dév. Log.Ainés Sept-Iles, ",http://www.habitation.gouv.qc.ca/repertoire/organisme/corp_dev_logaines_sept_iles.html
"Domaine des Pins blancs, ",http://www.habitation.gouv.qc.ca/repertoire/organisme/domaine_des_pins_blancs.html
"Hab. comm. Le Gite Baie-Comeau, ",http://www.habitation.gouv.qc.ca/repertoire/organisme/hab_comm_le_gite_baie_comeau.html
"Habitat de Fermont, ",http://www.habitation.gouv.qc.ca/repertoire/organisme/habitat_de_fermont.html
"Habitations com. de l'Atre, ",http://www.habitation.gouv.qc.ca/repertoire/organisme/habitations_com_de_latre.html
"Habitations Manicouagan, ",http://www.habitation.gouv.qc.ca/repertoire/organisme/habitations_manicouagan.html
"Habitations Prévost Derosby, ",http://www.habitation.gouv.qc.ca/repertoire/organisme/habitations_prevost_derosby.html
"Les Douces Heures de l'Age, ",http://www.habitation.gouv.qc.ca/repertoire/organisme/les_douces_heures_de_lage.html
"Logis Escouminois, ",http://www.habitation.gouv.qc.ca/repertoire/organisme/logis_escouminois.html
"Maison Anita Lebel, ",http://www.habitation.gouv.qc.ca/repertoire/organisme/maison_anita_lebel.html
"Maison Mécatina, ",http://www.habitation.gouv.qc.ca/repertoire/organisme/maison_mecatina.html
"Oasis du Bel Age, ",http://www.habitation.gouv.qc.ca/repertoire/organisme/oasis_du_bel_age.html
"Pavillon Léopold-Mayrand, ",http://www.habitation.gouv.qc.ca/repertoire/organisme/pavillon_leopold_mayrand.html
"Pignons pop. Sacré-Coeur, ",http://www.habitation.gouv.qc.ca/repertoire/organisme/pignons_pop_sacre_coeur.html
"Société d'habitation Ragueneau, ",http://www.habitation.gouv.qc.ca/repertoire/organisme/societe_dhabitation_ragueneau.html
"Villa des retraités, ",http://www.habitation.gouv.qc.ca/repertoire/organisme/villa_des_retraites.html
"Villa Forestville, ",http://www.habitation.gouv.qc.ca/repertoire/organisme/villa_forestville.html
"Ass. Per. Perte Auton.Chibouga, ",http://www.habitation.gouv.qc.ca/repertoire/organisme/ass_pa_perte_autonchibouga.html
"F.G.L. étoile filante, ",http://www.habitation.gouv.qc.ca/repertoire/organisme/fgl_etoile_filante.html
"Fond. Soleil Nord Matagami, ",http://www.habitation.gouv.qc.ca/repertoire/organisme/fond_soleil_nord_matagami.html
"Appartements Louisbourg, ",http://www.habitation.gouv.qc.ca/repertoire/organisme/appartements_louisbourg.html
"Ass. P.A.Rés.Baie-des-Chaleurs, ",http://www.habitation.gouv.qc.ca/repertoire/organisme/ass_paresbaie_des_chaleurs.html
"Association La Belle Vie Inc., ",http://www.habitation.gouv.qc.ca/repertoire/organisme/association_la_belle_vie_inc.html
"Aventure Murdochville, ",http://www.habitation.gouv.qc.ca/repertoire/organisme/aventure_murdochville.html
"Batisseurs 2010, ",http://www.habitation.gouv.qc.ca/repertoire/organisme/batisseurs_2010.html
"Centre Accalmie, ",http://www.habitation.gouv.qc.ca/repertoire/organisme/centre_accalmie.html
"Centre Emilie Gamelin, ",http://www.habitation.gouv.qc.ca/repertoire/organisme/centre_emilie_gamelin.html
"Convergence - SAAHG, ",http://www.habitation.gouv.qc.ca/repertoire/organisme/convergence_saahg.html
"Corp. Action J.A Denis Riverin, ",http://www.habitation.gouv.qc.ca/repertoire/organisme/corp_action_ja_denis_riverin.html
"Corp. Séniors New Carlisle, ",http://www.habitation.gouv.qc.ca/repertoire/organisme/corp_seniors_new_carlisle.html
"Corporation CAPA, ",http://www.habitation.gouv.qc.ca/repertoire/organisme/corporation_capa.html
"CRRI, ",http://www.habitation.gouv.qc.ca/repertoire/organisme/crri.html
"Groupe Action Sociale Psy, ",http://www.habitation.gouv.qc.ca/repertoire/organisme/groupe_action_sociale_psy.html
"Hab. Port-Daniel-Gascons, ",http://www.habitation.gouv.qc.ca/repertoire/organisme/hab_port_daniel_gascons.html
"Habitations des aînés Chandler, ",http://www.habitation.gouv.qc.ca/repertoire/organisme/habitations_des_aines_chandler.html
"Habitations Pointe-à-la-Croix, ",http://www.habitation.gouv.qc.ca/repertoire/organisme/habitations_pointe_a_la_croix.html
"Habitations pop. de Paspébiac, ",http://www.habitation.gouv.qc.ca/repertoire/organisme/habitations_pop_de_paspebiac.html
"Habitations Val-Rosiers, ",http://www.habitation.gouv.qc.ca/repertoire/organisme/habitations_val_rosiers.html
"Hébergement nouveaux horizons, ",http://www.habitation.gouv.qc.ca/repertoire/organisme/hebergement_nouveaux_horizons.html
"Inter-Action, ",http://www.habitation.gouv.qc.ca/repertoire/organisme/inter_action.html
"Logis du Bel âge, ",http://www.habitation.gouv.qc.ca/repertoire/organisme/logis_du_bel_age.html
"Maison Ainés de Grande-Vallée, ",http://www.habitation.gouv.qc.ca/repertoire/organisme/maison_aines_de_grande_vallee.html
"Maison ainés Mer et Montagne, ",http://www.habitation.gouv.qc.ca/repertoire/organisme/maison_aines_mer_et_montagne.html
"Maison Hébergement L'Émergence, ",http://www.habitation.gouv.qc.ca/repertoire/organisme/maison_hebergement_lemergence.html
"Maison Maguire personnes hand, ",http://www.habitation.gouv.qc.ca/repertoire/organisme/maison_maguire_personnes_hand.html
"Maison Marie-Pierre, ",http://www.habitation.gouv.qc.ca/repertoire/organisme/maison_marie_pierre.html
"Oasis de Pointe-aux-Loups, ",http://www.habitation.gouv.qc.ca/repertoire/organisme/oasis_de_pointe_aux_loups.html
"Pavillon Ste-Hélène, ",http://www.habitation.gouv.qc.ca/repertoire/organisme/pavillon_ste_helene.html
"Résidence du phare, ",http://www.habitation.gouv.qc.ca/repertoire/organisme/residence_du_phare.html
"Résidence Plaisance des Îles, ",http://www.habitation.gouv.qc.ca/repertoire/organisme/residence_plaisance_des_iles.html
"Villa des plateaux, ",http://www.habitation.gouv.qc.ca/repertoire/organisme/villa_des_plateaux.html
"Adoberge Chaudière-Appalaches, ",http://www.habitation.gouv.qc.ca/repertoire/organisme/adoberge_chaudiere_appalaches.html
"Alliance-Jeunesse Chutes Chaud, ",http://www.habitation.gouv.qc.ca/repertoire/organisme/alliance_jeunesse_chutes_chaud.html
"Arc-en-Ciel, regroupement de, ",http://www.habitation.gouv.qc.ca/repertoire/organisme/arc_en_ciel_regroupement_de.html
"Arche Le Printemps, ",http://www.habitation.gouv.qc.ca/repertoire/organisme/arche_le_printemps.html
"Ass.pers.hand.de Lévis, ",http://www.habitation.gouv.qc.ca/repertoire/organisme/asspershandde_levis.html
"Au Bercail de St-Georges, ",http://www.habitation.gouv.qc.ca/repertoire/organisme/au_bercail_de_st_georges.html
"Aube de la Paix (1993) inc., ",http://www.habitation.gouv.qc.ca/repertoire/organisme/aube_de_la_paix_1993_inc.html
"Centre Aide Prév. Jeunesse, ",http://www.habitation.gouv.qc.ca/repertoire/organisme/centre_aide_prev_jeunesse.html
"Centre d'entraide Disraeli, ",http://www.habitation.gouv.qc.ca/repertoire/organisme/centre_dentraide_disraeli.html
"Com. Hab Grande Maison Beaulac, ",http://www.habitation.gouv.qc.ca/repertoire/organisme/com_hab_grande_maison_beaulac.html
"Coop. solid. hab. Carpe Diem, ",http://www.habitation.gouv.qc.ca/repertoire/organisme/coop_solid_hab_carpe_diem.html
"Corp Havre St-Jean-Chrysostome, ",http://www.habitation.gouv.qc.ca/repertoire/organisme/corp_havre_st_jean_chrysostom.html
"Corp. ainés St-Ant.-de-Tilly, ",http://www.habitation.gouv.qc.ca/repertoire/organisme/corp_aines_st_ant_de_tilly.html
"Corp. Ainés St-Léon-de-Standon, ",http://www.habitation.gouv.qc.ca/repertoire/organisme/corp_aines_st_leon_de_standon.html
"Corp. Aînés(es) St-Apollinaire, ",http://www.habitation.gouv.qc.ca/repertoire/organisme/corp_aineses_st_apollinaire.html
"Corp. des Aîné(es) de Joly, ",http://www.habitation.gouv.qc.ca/repertoire/organisme/corp_des_ainees_de_joly.html
"Corp. des aînés Breakeyville, ",http://www.habitation.gouv.qc.ca/repertoire/organisme/corp_des_aines_breakeyville.html
"Corp. Habitation Littoral, ",http://www.habitation.gouv.qc.ca/repertoire/organisme/corp_habitation_littoral.html
"Corporation Aîné(e)s St-Agapit, ",http://www.habitation.gouv.qc.ca/repertoire/organisme/corporation_ainees_st_agapit.html
"Corporation Loge-Toit Beauce, ",http://www.habitation.gouv.qc.ca/repertoire/organisme/corporation_loge_toit_beauce.html
"Croisée des Chemins, ",http://www.habitation.gouv.qc.ca/repertoire/organisme/croisee_des_chemins.html
"Défis Saint-Honoré, ",http://www.habitation.gouv.qc.ca/repertoire/organisme/defis_saint_honore.html
"Demeure au Coeur de Marie, ",http://www.habitation.gouv.qc.ca/repertoire/organisme/demeure_au_coeur_de_marie.html
"Espace Mélilot, ",http://www.habitation.gouv.qc.ca/repertoire/organisme/espace_melilot.html
"Fonc.renaissance amiante, ",http://www.habitation.gouv.qc.ca/repertoire/organisme/foncrenaissance_amiante.html
"Gîte de Saint-Isidore, ",http://www.habitation.gouv.qc.ca/repertoire/organisme/gite_de_saint_isidore.html
"Hab. Adaptées de Bellechasse, ",http://www.habitation.gouv.qc.ca/repertoire/organisme/hab_adaptees_de_bellechasse.html
"Hab. du Buton Inc., ",http://www.habitation.gouv.qc.ca/repertoire/organisme/hab_du_buton_inc.html
"Hab. Pat. St-François-Riv.-Sud, ",http://www.habitation.gouv.qc.ca/repertoire/organisme/hab_pat_st_francois_riv_sud.html
"Habitation de Lotbinière, ",http://www.habitation.gouv.qc.ca/repertoire/organisme/habitation_de_lotbiniere.html
"Habitations Bois-Joli Ste-Fél., ",http://www.habitation.gouv.qc.ca/repertoire/organisme/habitations_bois_joli_ste_fel.html
"Habitations du moulin, ",http://www.habitation.gouv.qc.ca/repertoire/organisme/habitations_du_moulin.html
"Habitations Fil du Fleuve, ",http://www.habitation.gouv.qc.ca/repertoire/organisme/habitations_fil_du_fleuve.html
"Habitations Huma-Loge, ",http://www.habitation.gouv.qc.ca/repertoire/organisme/habitations_huma_loge.html
"Habitations Panet, ",http://www.habitation.gouv.qc.ca/repertoire/organisme/habitations_panet.html
"Habitations Rayon de Soleil, ",http://www.habitation.gouv.qc.ca/repertoire/organisme/habitations_rayon_de_soleil.html
"Habitations Rivière St-Nicolas, ",http://www.habitation.gouv.qc.ca/repertoire/organisme/habitations_riviere_st_nicolas.html
"Habitations St-Pamphile, ",http://www.habitation.gouv.qc.ca/repertoire/organisme/habitations_st_pamphile.html
"Hébergement Coleraine, ",http://www.habitation.gouv.qc.ca/repertoire/organisme/hebergement_coleraine.html
"Jardins St-Alphonse, ",http://www.habitation.gouv.qc.ca/repertoire/organisme/jardins_st_alphonse.html
"La résidence du Verger inc., ",http://www.habitation.gouv.qc.ca/repertoire/organisme/la_residence_du_verger_inc.html
"Log. côte du sud (L.C.S.), ",http://www.habitation.gouv.qc.ca/repertoire/organisme/log_cote_du_sud.html
"Maison Héritage Abénaki, ",http://www.habitation.gouv.qc.ca/repertoire/organisme/maison_heritage_abenaki.html
"Maisonnée de Thetford Mines, ",http://www.habitation.gouv.qc.ca/repertoire/organisme/maisonnee_de_thetford_mines.html
"Marcellois, ",http://www.habitation.gouv.qc.ca/repertoire/organisme/marcellois.html
"Oasis adultes hand. Lévis, ",http://www.habitation.gouv.qc.ca/repertoire/organisme/oasis_adultes_hand_levis.html
"Oasis St-Damien, ",http://www.habitation.gouv.qc.ca/repertoire/organisme/oasis_st_damien.html
"Petit domicile de Charny, ",http://www.habitation.gouv.qc.ca/repertoire/organisme/petit_domicile_de_charny.html
"Petit domicile de St-Lambert, ",http://www.habitation.gouv.qc.ca/repertoire/organisme/petit_domicile_de_st_lambert.html
"Rés. Centre com. des Etchemins, ",http://www.habitation.gouv.qc.ca/repertoire/organisme/res_centre_com_des_etchemins.html
"Rés. Le Tremplin, ",http://www.habitation.gouv.qc.ca/repertoire/organisme/res_le_tremplin.html
"Rés.Ste-Famille Tring-Jonction, ",http://www.habitation.gouv.qc.ca/repertoire/organisme/resste_famille_tring_jonction.html
"Résidence 2000 de Québec, ",http://www.habitation.gouv.qc.ca/repertoire/organisme/residence_2000_de_quebec-1.html
"Résidence Arc-en-Ciel Thetford, ",http://www.habitation.gouv.qc.ca/repertoire/organisme/residence_arc_en_ciel_thetford.html
"Résidence l'Abri Appalaches, ",http://www.habitation.gouv.qc.ca/repertoire/organisme/residence_labri_appalaches.html
"Résidence Marcelle-Mallet, ",http://www.habitation.gouv.qc.ca/repertoire/organisme/residence_marcelle_mallet.html
"Résidence Notre-Dame de Fatima, ",http://www.habitation.gouv.qc.ca/repertoire/organisme/residence_notre_dame_de_fatima.html
"Résidence St-Etienne-de-Lauzon, ",http://www.habitation.gouv.qc.ca/repertoire/organisme/residence_st_etienne_de_lauzon.html
"Résidences Charles Couillard, ",http://www.habitation.gouv.qc.ca/repertoire/organisme/residences_charles_couillard.html
"Résidences L.P.Côté d'Armagh, ",http://www.habitation.gouv.qc.ca/repertoire/organisme/residences_lpcote_darmagh.html
"Résidences Pins Lac Etchemin, ",http://www.habitation.gouv.qc.ca/repertoire/organisme/residences_pins_lac_etchemin.html
"Résidences Robertsonville, ",http://www.habitation.gouv.qc.ca/repertoire/organisme/residences_robertsonville.html
"Service résid. East Broughton, ",http://www.habitation.gouv.qc.ca/repertoire/organisme/service_resid_east_broughton.html
"Trait d'Union, ",http://www.habitation.gouv.qc.ca/repertoire/organisme/trait_dunion.html
"Villa du rêve (La), ",http://www.habitation.gouv.qc.ca/repertoire/organisme/villa_du_reve_la.html
"Villa Saint-Maurice, ",http://www.habitation.gouv.qc.ca/repertoire/organisme/villa_saint_maurice.html
"Villa sous le Clocher, ",http://www.habitation.gouv.qc.ca/repertoire/organisme/villa_sous_le_clocher.html
"Aviron, Hébergment comm., ",http://www.habitation.gouv.qc.ca/repertoire/organisme/aviron_hebergment_comm.html
"Comité promotion HLM Ste-Rose, ",http://www.habitation.gouv.qc.ca/repertoire/organisme/comite_promotion_hlm_ste_rose.html
"Corp. Hab. Laval, ",http://www.habitation.gouv.qc.ca/repertoire/organisme/corp_hab_laval.html
"Fondation le Pilier, ",http://www.habitation.gouv.qc.ca/repertoire/organisme/fondation_le_pilier.html
"Hab. pop. Laval-des-Rapides, ",http://www.habitation.gouv.qc.ca/repertoire/organisme/hab_pop_laval_des_rapides.html
"Hab. Requérants et Requérantes, ",http://www.habitation.gouv.qc.ca/repertoire/organisme/hab_requerants_et_requerantes.html
"Hab. St-Christophe Inc., ",http://www.habitation.gouv.qc.ca/repertoire/organisme/hab_st_christophe_inc.html
"Habitations Ararat, ",http://www.habitation.gouv.qc.ca/repertoire/organisme/habitations_ararat.html
"Habitations du rendez-vous, ",http://www.habitation.gouv.qc.ca/repertoire/organisme/habitations_du_rendez_vous.html
"Habitations l'Envolée de Laval, ",http://www.habitation.gouv.qc.ca/repertoire/organisme/habitations_lenvolee_de_laval.html
"Habitations Pop.Vincent-Massey, ",http://www.habitation.gouv.qc.ca/repertoire/organisme/habitations_popvincent_massey.html
"Immeubles Després et Forest, ",http://www.habitation.gouv.qc.ca/repertoire/organisme/immeubles_despres_et_forest.html
"Le 1313 Chomedey, ",http://www.habitation.gouv.qc.ca/repertoire/organisme/le_1313_chomedey.html
"Maison d'hébergement L'Envolée, ",http://www.habitation.gouv.qc.ca/repertoire/organisme/maison_dhebergement_lenvolee.html
"Maison du Marigot, ",http://www.habitation.gouv.qc.ca/repertoire/organisme/maison_du_marigot.html
"Relais Familial d'auteuil, ",http://www.habitation.gouv.qc.ca/repertoire/organisme/relais_familial_dauteuil.html
"Résidence Estia, ",http://www.habitation.gouv.qc.ca/repertoire/organisme/residence_estia.html
"Accès logement Repentigny, ",http://www.habitation.gouv.qc.ca/repertoire/organisme/acces_logement_repentigny.html
"Centre res.com. Joliette-Lanau, ",http://www.habitation.gouv.qc.ca/repertoire/organisme/centre_rescom_joliette_lanau.html
"Défis-logis Lanaudière, ",http://www.habitation.gouv.qc.ca/repertoire/organisme/defis_logis_lanaudiere.html
"Habitation Port-Royal, ",http://www.habitation.gouv.qc.ca/repertoire/organisme/habitation_port_royal.html
"Habitations Ciné des Coeurs, ",http://www.habitation.gouv.qc.ca/repertoire/organisme/habitations_cine_des_coeurs.html
"Habitations de l'Industrie, ",http://www.habitation.gouv.qc.ca/repertoire/organisme/habitations_de_lindustrie.html
"Hébergement Urgence Lanaudière, ",http://www.habitation.gouv.qc.ca/repertoire/organisme/hebergement_urgence_lanaudiere.html
"Hébergement Urgence Terrebonne, ",http://www.habitation.gouv.qc.ca/repertoire/organisme/hebergement_urgence_terrebonne.html
"Le Havre Paulois, ",http://www.habitation.gouv.qc.ca/repertoire/organisme/le_havre_paulois.html
"Le Pas de Deux, ",http://www.habitation.gouv.qc.ca/repertoire/organisme/le_pas_de_deux.html
"Les Hab. Saint-Lin-Laurentides, ",http://www.habitation.gouv.qc.ca/repertoire/organisme/les_hab_saint_lin_laurentides.html
"Les Habitations Indigo, ",http://www.habitation.gouv.qc.ca/repertoire/organisme/les_habitations_indigo.html
"Les Résidences de l'Achigan, ",http://www.habitation.gouv.qc.ca/repertoire/organisme/les_residences_de_lachigan.html
"Log. pop du Bel Âge, ",http://www.habitation.gouv.qc.ca/repertoire/organisme/log_pop_du_bel_age.html
"Maison L'Intersection, ",http://www.habitation.gouv.qc.ca/repertoire/organisme/maison_lintersection.html
"Manoir Boisé Crabtree, ",http://www.habitation.gouv.qc.ca/repertoire/organisme/manoir_boise_crabtree.html
"Manoir de la Rivière Dufresne, ",http://www.habitation.gouv.qc.ca/repertoire/organisme/manoir_de_la_riviere_dufresne.html
"Manoir des Seigneurs, ",http://www.habitation.gouv.qc.ca/repertoire/organisme/manoir_des_seigneurs.html
"Pavillon de l'Harmonie, ",http://www.habitation.gouv.qc.ca/repertoire/organisme/pavillon_de_lharmonie.html
"Propulsion Lanaudière, ",http://www.habitation.gouv.qc.ca/repertoire/organisme/propulsion_lanaudiere.html
"Regard en Elle, ",http://www.habitation.gouv.qc.ca/repertoire/organisme/regard_en_elle.html
"Rés. d'Ailleboust Ste-Mélanie, ",http://www.habitation.gouv.qc.ca/repertoire/organisme/res_dailleboust_ste_melanie.html
"Résidence Claire Marchand, ",http://www.habitation.gouv.qc.ca/repertoire/organisme/residence_claire_marchand.html
"Résidence de la rive nord, ",http://www.habitation.gouv.qc.ca/repertoire/organisme/residence_de_la_rive_nord.html
"Résidence Dr. Lucien Ferland, ",http://www.habitation.gouv.qc.ca/repertoire/organisme/residence_dr_lucien_ferland.html
"Résidence Georges-L' Allier, ",http://www.habitation.gouv.qc.ca/repertoire/organisme/residence_georges_l_allier.html
"Résidence Laurier, ",http://www.habitation.gouv.qc.ca/repertoire/organisme/residence_laurier.html
"Résidences com. Sacré-Coeur, ",http://www.habitation.gouv.qc.ca/repertoire/organisme/residences_com_sacre_coeur.html
"Résidences des Prairies, ",http://www.habitation.gouv.qc.ca/repertoire/organisme/residences_des_prairies.html
"Résidences du Méandre, ",http://www.habitation.gouv.qc.ca/repertoire/organisme/residences_du_meandre.html
"Résidences parc naturel habité, ",http://www.habitation.gouv.qc.ca/repertoire/organisme/residences_parc_naturel_habite.html
"Société log. pop. Lanaudière, ",http://www.habitation.gouv.qc.ca/repertoire/organisme/societe_log_pop_lanaudiere.html
"App. du quartier Rivière-Rouge, ",http://www.habitation.gouv.qc.ca/repertoire/organisme/app_du_quartier_riviere_rouge.html
"Appartements Rosa Blanda, ",http://www.habitation.gouv.qc.ca/repertoire/organisme/appartements_rosa_blanda.html
"Bellefeuilloise (La), ",http://www.habitation.gouv.qc.ca/repertoire/organisme/bellefeuilloise_la.html
"CISSS Laurentides, ",http://www.habitation.gouv.qc.ca/repertoire/organisme/cisss_laurentides.html
"Cité les Trois R, ",http://www.habitation.gouv.qc.ca/repertoire/organisme/cite_les_trois_r.html
"CIUSSS Lanaudière, ",http://www.habitation.gouv.qc.ca/repertoire/organisme/ciusss_lanaudiere.html
"Corp. Chaumière Des Monts, ",http://www.habitation.gouv.qc.ca/repertoire/organisme/corp_chaumiere_des_monts.html
"Corp. Horizon d'Or Grenville, ",http://www.habitation.gouv.qc.ca/repertoire/organisme/corp_horizon_dor_grenville.html
"Domaine Bellevue de St-Faustin, ",http://www.habitation.gouv.qc.ca/repertoire/organisme/domaine_bellevue_de_st_faustin.html
"Domaine Brownsburg (le), ",http://www.habitation.gouv.qc.ca/repertoire/organisme/domaine_brownsburg_le.html
"Domaine Chénier, ",http://www.habitation.gouv.qc.ca/repertoire/organisme/domaine_chenier.html
"Domaine Chénier Phase IV, ",http://www.habitation.gouv.qc.ca/repertoire/organisme/domaine_chenier_phase_iv.html
"Hab. comm. de Grenville, ",http://www.habitation.gouv.qc.ca/repertoire/organisme/hab_comm_de_grenville.html
"Hab. Stephen Jake Beaven, ",http://www.habitation.gouv.qc.ca/repertoire/organisme/hab_stephen_jake_beaven.html
"Hab. Vallée de Saint-Sauveur, ",http://www.habitation.gouv.qc.ca/repertoire/organisme/hab_vallee_de_saint_sauveur.html
"Habitation du Vieux-Shawbridge, ",http://www.habitation.gouv.qc.ca/repertoire/organisme/habitation_du_vieux_shawbridge.html
"Habitations aux jardins verts, ",http://www.habitation.gouv.qc.ca/repertoire/organisme/habitations_aux_jardins_verts.html
"Habitations du ruisseau noir, ",http://www.habitation.gouv.qc.ca/repertoire/organisme/habitations_du_ruisseau_noir.html
"Habitations La Capucine, ",http://www.habitation.gouv.qc.ca/repertoire/organisme/habitations_la_capucine.html
"Habitations Solid'Aires, ",http://www.habitation.gouv.qc.ca/repertoire/organisme/habitations_solidaires.html
"Habitats Morin-Heights, ",http://www.habitation.gouv.qc.ca/repertoire/organisme/habitats_morin_heights.html
"Hébergement Fleur de Macadam, ",http://www.habitation.gouv.qc.ca/repertoire/organisme/hebergement_fleur_de_macadam.html
"La Chacunière, ",http://www.habitation.gouv.qc.ca/repertoire/organisme/la_chacuniere.html
"Le Trait d'Union Jeunesse, ",http://www.habitation.gouv.qc.ca/repertoire/organisme/le_trait_dunion_jeunesse.html
"Maison D'Ariane, ",http://www.habitation.gouv.qc.ca/repertoire/organisme/maison_dariane.html
"Maison des Lucioles (La), ",http://www.habitation.gouv.qc.ca/repertoire/organisme/maison_des_lucioles_la.html
"Maison du Pas Sage, ",http://www.habitation.gouv.qc.ca/repertoire/organisme/maison_du_pas_sage.html
"Maison Emmanuel, ",http://www.habitation.gouv.qc.ca/repertoire/organisme/maison_emmanuel.html
"Manoir Blainville, ",http://www.habitation.gouv.qc.ca/repertoire/organisme/manoir_blainville.html
"Manoir Labellois, ",http://www.habitation.gouv.qc.ca/repertoire/organisme/manoir_labellois.html
"Manoir Station 7, ",http://www.habitation.gouv.qc.ca/repertoire/organisme/manoir_station_7.html
"Placidienne (La), ",http://www.habitation.gouv.qc.ca/repertoire/organisme/placidienne_la.html
"Résidence des Moissons, ",http://www.habitation.gouv.qc.ca/repertoire/organisme/residence_des_moissons.html
"Résidence Vallée Rouge inc., ",http://www.habitation.gouv.qc.ca/repertoire/organisme/residence_vallee_rouge_inc.html
"Société hab. Bois-des-Filion, ",http://www.habitation.gouv.qc.ca/repertoire/organisme/societe_hab_bois_des_filion.html
"Sous le Toit de l'Échelon, ",http://www.habitation.gouv.qc.ca/repertoire/organisme/sous_le_toit_de_lechelon.html
"Trait d'union de St-Rémi, ",http://www.habitation.gouv.qc.ca/repertoire/organisme/trait_dunion_de_st_remi.html
"Versant d'Or, ",http://www.habitation.gouv.qc.ca/repertoire/organisme/versant_dor.html
"Villa des arcs-en-ciel, ",http://www.habitation.gouv.qc.ca/repertoire/organisme/villa_des_arcs_en_ciel.html
"Action int. déf. intellectuel., ",http://www.habitation.gouv.qc.ca/repertoire/organisme/action_int_def_intellectuel.html
"Aiguillage (L), ",http://www.habitation.gouv.qc.ca/repertoire/organisme/aiguillage_l.html
"APDIS, ",http://www.habitation.gouv.qc.ca/repertoire/organisme/apdis.html
"Centre Louis-Olivier-Dufault, ",http://www.habitation.gouv.qc.ca/repertoire/organisme/centre_louis_olivier_dufault.html
"Centre Multi. Sieur Normandie, ",http://www.habitation.gouv.qc.ca/repertoire/organisme/centre_multi_sieur_normandie.html
"Centre sur l'Autre Rive inc., ",http://www.habitation.gouv.qc.ca/repertoire/organisme/centre_sur_lautre_rive_inc.html
"Comp.Soleil St-Joseph de Sorel, ",http://www.habitation.gouv.qc.ca/repertoire/organisme/compsoleil_st_joseph_de_sorel.html
"Corp. Hab. des deux Coteaux, ",http://www.habitation.gouv.qc.ca/repertoire/organisme/corp_hab_des_deux_coteaux.html
"Corp. Manoirs de Châteauguay, ",http://www.habitation.gouv.qc.ca/repertoire/organisme/corp_manoirs_de_chateauguay.html
"Élan des jeunes, ",http://www.habitation.gouv.qc.ca/repertoire/organisme/elan_des_jeunes.html
"Fondation Renfort grande ligne, ",http://www.habitation.gouv.qc.ca/repertoire/organisme/fondation_renfort_grande_ligne.html
"Fondation Ress. Alt. Sud-Ouest, ",http://www.habitation.gouv.qc.ca/repertoire/organisme/fondation_ress_alt_sud_ouest.html
"Hab. Baux Soleils Châteauguay, ",http://www.habitation.gouv.qc.ca/repertoire/organisme/hab_baux_soleils_chateauguay.html
"Hab. Comm. Longueuil, ",http://www.habitation.gouv.qc.ca/repertoire/organisme/hab_comm_longueuil.html
"Hab. La Rémoise Inc., ",http://www.habitation.gouv.qc.ca/repertoire/organisme/hab_la_remoise_inc.html
"Hab. Rive Sainte-Catherine, ",http://www.habitation.gouv.qc.ca/repertoire/organisme/hab_rive_sainte_catherine.html
"Hab. Trilogis Saint-Constant, ",http://www.habitation.gouv.qc.ca/repertoire/organisme/hab_trilogis_saint_constant.html
"Hab. Vallée des tisserands, ",http://www.habitation.gouv.qc.ca/repertoire/organisme/hab_vallee_des_tisserands.html
"Hab. vieux Prairie (HVLP), ",http://www.habitation.gouv.qc.ca/repertoire/organisme/hab_vieux_prairie_hvlp.html
"Habitat St-Pie, ",http://www.habitation.gouv.qc.ca/repertoire/organisme/habitat_st_pie.html
"Habitat Vermeil, ",http://www.habitation.gouv.qc.ca/repertoire/organisme/habitat_vermeil.html
"Habitation Espoir, ",http://www.habitation.gouv.qc.ca/repertoire/organisme/habitation_espoir.html
"Habitation Philomène, ",http://www.habitation.gouv.qc.ca/repertoire/organisme/habitation_philomene.html
"Habitation TCC Montérégien, ",http://www.habitation.gouv.qc.ca/repertoire/organisme/habitation_tcc_monteregien.html
"Habitation Valencienne, ",http://www.habitation.gouv.qc.ca/repertoire/organisme/habitation_valenciennes.html
"Habitations Bourg chemin, ",http://www.habitation.gouv.qc.ca/repertoire/organisme/habitations_bourg_chemin.html
"Habitations des Tisserandes, ",http://www.habitation.gouv.qc.ca/repertoire/organisme/habitations_des_tisserandes.html
"Habitations la Gaillarde, ",http://www.habitation.gouv.qc.ca/repertoire/organisme/habitations_la_gaillarde.html
"Habitations Logis-Ciel, ",http://www.habitation.gouv.qc.ca/repertoire/organisme/habitations_logis_ciel.html
"Habitations Paul Pratt, ",http://www.habitation.gouv.qc.ca/repertoire/organisme/habitations_paul_pratt.html
"Habitations petite Prairie, ",http://www.habitation.gouv.qc.ca/repertoire/organisme/habitations_petite_prairie.html
"Habitations Saint-Maxime, ",http://www.habitation.gouv.qc.ca/repertoire/organisme/habitations_saint_maxime.html
"Habitations St-Amable, ",http://www.habitation.gouv.qc.ca/repertoire/organisme/habitations_st_amable.html
"Handi-Logement Haut Richelieu, ",http://www.habitation.gouv.qc.ca/repertoire/organisme/handi_logement_haut_richelieu.html
"HCMO, ",http://www.habitation.gouv.qc.ca/repertoire/organisme/hcmo.html
"Hébergement la CASA, ",http://www.habitation.gouv.qc.ca/repertoire/organisme/hebergement_la_casa.html
"Jeunes Mères en Action, ",http://www.habitation.gouv.qc.ca/repertoire/organisme/jeunes_meres_en_action.html
"L'appart à moi, ",http://www.habitation.gouv.qc.ca/repertoire/organisme/lappart_a_moi-1.html
"Lakeshore Housing Ass, ",http://www.habitation.gouv.qc.ca/repertoire/organisme/lakeshore_housing_ass.html
"Maison du Goéland Rive-Sud, ",http://www.habitation.gouv.qc.ca/repertoire/organisme/maison_du_goeland_rive_sud.html
"Maison Héb. Dépan. Valleyfield, ",http://www.habitation.gouv.qc.ca/repertoire/organisme/maison_heb_depan_valleyfield.html
"Maison Hina Inc., ",http://www.habitation.gouv.qc.ca/repertoire/organisme/maison_hina_inc.html
"Maison L'Alcove, ",http://www.habitation.gouv.qc.ca/repertoire/organisme/maison_lalcove.html
"Maison Le Baluchon, ",http://www.habitation.gouv.qc.ca/repertoire/organisme/maison_le_baluchon.html
"Maison Le Point Commun, ",http://www.habitation.gouv.qc.ca/repertoire/organisme/maison_le_point_commun.html
"Manoir mille Fleurs Roxton F., ",http://www.habitation.gouv.qc.ca/repertoire/organisme/manoir_mille_fleurs_roxton_f.html
"Prog. Acces.Log.Rive Sud-ouest, ",http://www.habitation.gouv.qc.ca/repertoire/organisme/prog_acceslogrive_sud_ouest.html
"Reg.pers.Hand. Haut-Richelieu, ",http://www.habitation.gouv.qc.ca/repertoire/organisme/regpershand_haut_richelieu.html
"Résidence Auguste-Hébert, ",http://www.habitation.gouv.qc.ca/repertoire/organisme/residence_auguste_hebert.html
"Résidence Balmoral, ",http://www.habitation.gouv.qc.ca/repertoire/organisme/residence_balmoral.html
"Résidence Florentine-Dansereau, ",http://www.habitation.gouv.qc.ca/repertoire/organisme/residence_florentine_dansereau.html
"Résidence Grandiloise, ",http://www.habitation.gouv.qc.ca/repertoire/organisme/residence_grandiloise.html
"Résidence Seigneurie Soulanges, ",http://www.habitation.gouv.qc.ca/repertoire/organisme/residence_seigneurie_soulanges.html
"Seigneurie d'Iberville, ",http://www.habitation.gouv.qc.ca/repertoire/organisme/seigneurie_diberville.html
"Seigneurie Du-Tremblay, ",http://www.habitation.gouv.qc.ca/repertoire/organisme/seigneurie_du_tremblay.html
"Société Alzheimer Rive-Sud, ",http://www.habitation.gouv.qc.ca/repertoire/organisme/societe_alzheimer_rive_sud.html
"Société d'hab. Coteau-du-Lac, ",http://www.habitation.gouv.qc.ca/repertoire/organisme/societe_dhab_coteau_du_lac.html
"Société loc. Invest. (SOLIDES), ",http://www.habitation.gouv.qc.ca/repertoire/organisme/societe_loc_invest_solides.html
"Val Bonheur Saint-Nazaire, ",http://www.habitation.gouv.qc.ca/repertoire/organisme/val_bonheur_saint_nazaire.html
"Chrysalide Maison Héb., ",http://www.habitation.gouv.qc.ca/repertoire/organisme/chrysalide_maison_heb.html
"Corp.des ainés de Lyster, ",http://www.habitation.gouv.qc.ca/repertoire/organisme/corpdes_aines_de_lyster.html
"Ensoleilvent, ",http://www.habitation.gouv.qc.ca/repertoire/organisme/ensoleilvent.html
"Envolée des Mères L', ",http://www.habitation.gouv.qc.ca/repertoire/organisme/envolee_des_meres_l.html
"Habitation Ambroise Fafard, ",http://www.habitation.gouv.qc.ca/repertoire/organisme/habitation_ambroise_fafard.html
"Habitations SM Drummond, ",http://www.habitation.gouv.qc.ca/repertoire/organisme/habitations_sm_drummond.html
"Habitations Vic, ",http://www.habitation.gouv.qc.ca/repertoire/organisme/habitations_vic.html
"Innov Habitat Drummond, ",http://www.habitation.gouv.qc.ca/repertoire/organisme/villa_du_parc_de_la_paix.html
"Logements adaptés Drummond, ",http://www.habitation.gouv.qc.ca/repertoire/organisme/logements_adaptes_drummond.html
"Maison Hébergement Volte-Face, ",http://www.habitation.gouv.qc.ca/repertoire/organisme/maison_hebergement_volte_face.html
"Maison Le Coudrier (La), ",http://www.habitation.gouv.qc.ca/repertoire/organisme/maison_le_coudrier_la.html
"Maison Normand Léveillé, ",http://www.habitation.gouv.qc.ca/repertoire/organisme/maison_normand_leveille.html
"Résidence du Centre Drummond., ",http://www.habitation.gouv.qc.ca/repertoire/organisme/residence_du_centre_drummond.html
"Résidence Dublin d'Inverness, ",http://www.habitation.gouv.qc.ca/repertoire/organisme/residence_dublin_dinverness.html
"Résidence Provencher, ",http://www.habitation.gouv.qc.ca/repertoire/organisme/residence_provencher.html
"Résidences St-Aimé, ",http://www.habitation.gouv.qc.ca/repertoire/organisme/residences_st_aime.html
"Rose des Vents de Drummond, ",http://www.habitation.gouv.qc.ca/repertoire/organisme/rose_des_vents_de_drummond.html
"Villa Versant du Lac, ",http://www.habitation.gouv.qc.ca/repertoire/organisme/villa_versant_du_lac.html
